image_name,count,blur,stain
A01_C1_F1_s01_w2.TIF,1,1,2
A01_C1_F1_s02_w1.TIF,1,1,1
A01_C1_F1_s02_w2.TIF,1,1,2
A01_C1_F1_s03_w2.TIF,1,1,2
A01_C1_F1_s04_w2.TIF,1,1,2
A01_C1_F1_s05_w1.TIF,1,1,1
A01_C1_F1_s06_w2.TIF,1,1,2
A01_C1_F1_s07_w1.TIF,1,1,1
A01_C1_F1_s07_w2.TIF,1,1,2
A01_C1_F1_s09_w2.TIF,1,1,2
A01_C1_F1_s10_w1.TIF,1,1,1
A01_C1_F1_s10_w2.TIF,1,1,2
A01_C1_F1_s11_w1.TIF,1,1,1
A01_C1_F1_s11_w2.TIF,1,1,2
A01_C1_F1_s13_w1.TIF,1,1,1
A01_C1_F1_s13_w2.TIF,1,1,2
A01_C1_F1_s14_w1.TIF,1,1,1
A01_C1_F1_s14_w2.TIF,1,1,2
A01_C1_F1_s15_w1.TIF,1,1,1
A01_C1_F1_s16_w2.TIF,1,1,2
A01_C1_F1_s17_w1.TIF,1,1,1
A01_C1_F1_s18_w1.TIF,1,1,1
A01_C1_F1_s18_w2.TIF,1,1,2
A01_C1_F1_s19_w1.TIF,1,1,1
A01_C1_F1_s19_w2.TIF,1,1,2
A01_C1_F1_s20_w1.TIF,1,1,1
A01_C1_F1_s20_w2.TIF,1,1,2
A01_C1_F1_s21_w1.TIF,1,1,1
A01_C1_F1_s22_w1.TIF,1,1,1
A01_C1_F1_s23_w2.TIF,1,1,2
A01_C1_F1_s24_w1.TIF,1,1,1
A01_C1_F1_s24_w2.TIF,1,1,2
A01_C1_F1_s25_w1.TIF,1,1,1
A01_C1_F1_s25_w2.TIF,1,1,2
A02_C5_F1_s01_w1.TIF,5,1,1
A02_C5_F1_s01_w2.TIF,5,1,2
A02_C5_F1_s02_w2.TIF,5,1,2
A02_C5_F1_s03_w1.TIF,5,1,1
A02_C5_F1_s03_w2.TIF,5,1,2
A02_C5_F1_s04_w1.TIF,5,1,1
A02_C5_F1_s04_w2.TIF,5,1,2
A02_C5_F1_s05_w1.TIF,5,1,1
A02_C5_F1_s05_w2.TIF,5,1,2
A02_C5_F1_s06_w1.TIF,5,1,1
A02_C5_F1_s06_w2.TIF,5,1,2
A02_C5_F1_s07_w2.TIF,5,1,2
A02_C5_F1_s08_w1.TIF,5,1,1
A02_C5_F1_s09_w1.TIF,5,1,1
A02_C5_F1_s09_w2.TIF,5,1,2
A02_C5_F1_s10_w1.TIF,5,1,1
A02_C5_F1_s10_w2.TIF,5,1,2
A02_C5_F1_s11_w1.TIF,5,1,1
A02_C5_F1_s11_w2.TIF,5,1,2
A02_C5_F1_s12_w1.TIF,5,1,1
A02_C5_F1_s12_w2.TIF,5,1,2
A02_C5_F1_s13_w1.TIF,5,1,1
A02_C5_F1_s15_w1.TIF,5,1,1
A02_C5_F1_s15_w2.TIF,5,1,2
A02_C5_F1_s16_w1.TIF,5,1,1
A02_C5_F1_s16_w2.TIF,5,1,2
A02_C5_F1_s17_w2.TIF,5,1,2
A02_C5_F1_s18_w1.TIF,5,1,1
A02_C5_F1_s19_w1.TIF,5,1,1
A02_C5_F1_s19_w2.TIF,5,1,2
A02_C5_F1_s21_w1.TIF,5,1,1
A02_C5_F1_s21_w2.TIF,5,1,2
A02_C5_F1_s22_w1.TIF,5,1,1
A02_C5_F1_s22_w2.TIF,5,1,2
A02_C5_F1_s23_w1.TIF,5,1,1
A02_C5_F1_s23_w2.TIF,5,1,2
A02_C5_F1_s24_w1.TIF,5,1,1
A02_C5_F1_s25_w2.TIF,5,1,2
A03_C10_F1_s01_w1.TIF,10,1,1
A03_C10_F1_s01_w2.TIF,10,1,2
A03_C10_F1_s03_w1.TIF,10,1,1
A03_C10_F1_s04_w1.TIF,10,1,1
A03_C10_F1_s04_w2.TIF,10,1,2
A03_C10_F1_s05_w1.TIF,10,1,1
A03_C10_F1_s06_w1.TIF,10,1,1
A03_C10_F1_s07_w1.TIF,10,1,1
A03_C10_F1_s08_w1.TIF,10,1,1
A03_C10_F1_s08_w2.TIF,10,1,2
A03_C10_F1_s09_w1.TIF,10,1,1
A03_C10_F1_s09_w2.TIF,10,1,2
A03_C10_F1_s10_w1.TIF,10,1,1
A03_C10_F1_s10_w2.TIF,10,1,2
A03_C10_F1_s11_w1.TIF,10,1,1
A03_C10_F1_s12_w2.TIF,10,1,2
A03_C10_F1_s13_w2.TIF,10,1,2
A03_C10_F1_s14_w1.TIF,10,1,1
A03_C10_F1_s15_w1.TIF,10,1,1
A03_C10_F1_s15_w2.TIF,10,1,2
A03_C10_F1_s16_w2.TIF,10,1,2
A03_C10_F1_s17_w1.TIF,10,1,1
A03_C10_F1_s20_w1.TIF,10,1,1
A03_C10_F1_s20_w2.TIF,10,1,2
A03_C10_F1_s21_w1.TIF,10,1,1
A03_C10_F1_s21_w2.TIF,10,1,2
A03_C10_F1_s23_w1.TIF,10,1,1
A03_C10_F1_s23_w2.TIF,10,1,2
A03_C10_F1_s24_w1.TIF,10,1,1
A03_C10_F1_s25_w1.TIF,10,1,1
A03_C10_F1_s25_w2.TIF,10,1,2
A04_C14_F1_s01_w1.TIF,14,1,1
A04_C14_F1_s02_w1.TIF,14,1,1
A04_C14_F1_s02_w2.TIF,14,1,2
A04_C14_F1_s03_w1.TIF,14,1,1
A04_C14_F1_s03_w2.TIF,14,1,2
A04_C14_F1_s05_w1.TIF,14,1,1
A04_C14_F1_s05_w2.TIF,14,1,2
A04_C14_F1_s07_w1.TIF,14,1,1
A04_C14_F1_s07_w2.TIF,14,1,2
A04_C14_F1_s08_w1.TIF,14,1,1
A04_C14_F1_s08_w2.TIF,14,1,2
A04_C14_F1_s09_w1.TIF,14,1,1
A04_C14_F1_s10_w1.TIF,14,1,1
A04_C14_F1_s10_w2.TIF,14,1,2
A04_C14_F1_s11_w1.TIF,14,1,1
A04_C14_F1_s11_w2.TIF,14,1,2
A04_C14_F1_s12_w1.TIF,14,1,1
A04_C14_F1_s12_w2.TIF,14,1,2
A04_C14_F1_s13_w1.TIF,14,1,1
A04_C14_F1_s13_w2.TIF,14,1,2
A04_C14_F1_s14_w1.TIF,14,1,1
A04_C14_F1_s15_w1.TIF,14,1,1
A04_C14_F1_s17_w1.TIF,14,1,1
A04_C14_F1_s19_w1.TIF,14,1,1
A04_C14_F1_s19_w2.TIF,14,1,2
A04_C14_F1_s20_w2.TIF,14,1,2
A04_C14_F1_s21_w1.TIF,14,1,1
A04_C14_F1_s21_w2.TIF,14,1,2
A04_C14_F1_s22_w1.TIF,14,1,1
A04_C14_F1_s23_w1.TIF,14,1,1
A04_C14_F1_s24_w2.TIF,14,1,2
A04_C14_F1_s25_w1.TIF,14,1,1
A04_C14_F1_s25_w2.TIF,14,1,2
A05_C18_F1_s01_w2.TIF,18,1,2
A05_C18_F1_s02_w2.TIF,18,1,2
A05_C18_F1_s03_w1.TIF,18,1,1
A05_C18_F1_s05_w1.TIF,18,1,1
A05_C18_F1_s06_w1.TIF,18,1,1
A05_C18_F1_s07_w2.TIF,18,1,2
A05_C18_F1_s08_w1.TIF,18,1,1
A05_C18_F1_s08_w2.TIF,18,1,2
A05_C18_F1_s09_w1.TIF,18,1,1
A05_C18_F1_s10_w2.TIF,18,1,2
A05_C18_F1_s11_w2.TIF,18,1,2
A05_C18_F1_s12_w1.TIF,18,1,1
A05_C18_F1_s13_w2.TIF,18,1,2
A05_C18_F1_s15_w1.TIF,18,1,1
A05_C18_F1_s16_w1.TIF,18,1,1
A05_C18_F1_s16_w2.TIF,18,1,2
A05_C18_F1_s17_w2.TIF,18,1,2
A05_C18_F1_s18_w2.TIF,18,1,2
A05_C18_F1_s19_w1.TIF,18,1,1
A05_C18_F1_s20_w1.TIF,18,1,1
A05_C18_F1_s20_w2.TIF,18,1,2
A05_C18_F1_s21_w2.TIF,18,1,2
A05_C18_F1_s22_w1.TIF,18,1,1
A05_C18_F1_s22_w2.TIF,18,1,2
A05_C18_F1_s23_w1.TIF,18,1,1
A05_C18_F1_s23_w2.TIF,18,1,2
A05_C18_F1_s24_w1.TIF,18,1,1
A05_C18_F1_s24_w2.TIF,18,1,2
A05_C18_F1_s25_w1.TIF,18,1,1
A05_C18_F1_s25_w2.TIF,18,1,2
A06_C23_F1_s02_w1.TIF,23,1,1
A06_C23_F1_s03_w1.TIF,23,1,1
A06_C23_F1_s03_w2.TIF,23,1,2
A06_C23_F1_s04_w2.TIF,23,1,2
A06_C23_F1_s05_w1.TIF,23,1,1
A06_C23_F1_s05_w2.TIF,23,1,2
A06_C23_F1_s06_w1.TIF,23,1,1
A06_C23_F1_s06_w2.TIF,23,1,2
A06_C23_F1_s07_w1.TIF,23,1,1
A06_C23_F1_s07_w2.TIF,23,1,2
A06_C23_F1_s08_w1.TIF,23,1,1
A06_C23_F1_s09_w1.TIF,23,1,1
A06_C23_F1_s09_w2.TIF,23,1,2
A06_C23_F1_s10_w1.TIF,23,1,1
A06_C23_F1_s10_w2.TIF,23,1,2
A06_C23_F1_s11_w1.TIF,23,1,1
A06_C23_F1_s12_w2.TIF,23,1,2
A06_C23_F1_s13_w1.TIF,23,1,1
A06_C23_F1_s14_w1.TIF,23,1,1
A06_C23_F1_s15_w2.TIF,23,1,2
A06_C23_F1_s16_w2.TIF,23,1,2
A06_C23_F1_s17_w1.TIF,23,1,1
A06_C23_F1_s17_w2.TIF,23,1,2
A06_C23_F1_s18_w1.TIF,23,1,1
A06_C23_F1_s18_w2.TIF,23,1,2
A06_C23_F1_s19_w1.TIF,23,1,1
A06_C23_F1_s20_w2.TIF,23,1,2
A06_C23_F1_s21_w2.TIF,23,1,2
A06_C23_F1_s22_w2.TIF,23,1,2
A06_C23_F1_s23_w2.TIF,23,1,2
A06_C23_F1_s24_w2.TIF,23,1,2
A06_C23_F1_s25_w1.TIF,23,1,1
A07_C27_F1_s01_w1.TIF,27,1,1
A07_C27_F1_s01_w2.TIF,27,1,2
A07_C27_F1_s02_w1.TIF,27,1,1
A07_C27_F1_s02_w2.TIF,27,1,2
A07_C27_F1_s03_w2.TIF,27,1,2
A07_C27_F1_s04_w1.TIF,27,1,1
A07_C27_F1_s05_w1.TIF,27,1,1
A07_C27_F1_s05_w2.TIF,27,1,2
A07_C27_F1_s07_w1.TIF,27,1,1
A07_C27_F1_s09_w1.TIF,27,1,1
A07_C27_F1_s10_w1.TIF,27,1,1
A07_C27_F1_s11_w2.TIF,27,1,2
A07_C27_F1_s12_w1.TIF,27,1,1
A07_C27_F1_s12_w2.TIF,27,1,2
A07_C27_F1_s13_w2.TIF,27,1,2
A07_C27_F1_s14_w1.TIF,27,1,1
A07_C27_F1_s14_w2.TIF,27,1,2
A07_C27_F1_s15_w1.TIF,27,1,1
A07_C27_F1_s15_w2.TIF,27,1,2
A07_C27_F1_s16_w1.TIF,27,1,1
A07_C27_F1_s17_w1.TIF,27,1,1
A07_C27_F1_s17_w2.TIF,27,1,2
A07_C27_F1_s19_w2.TIF,27,1,2
A07_C27_F1_s20_w1.TIF,27,1,1
A07_C27_F1_s20_w2.TIF,27,1,2
A07_C27_F1_s21_w2.TIF,27,1,2
A07_C27_F1_s23_w1.TIF,27,1,1
A07_C27_F1_s23_w2.TIF,27,1,2
A07_C27_F1_s24_w1.TIF,27,1,1
A07_C27_F1_s24_w2.TIF,27,1,2
A07_C27_F1_s25_w1.TIF,27,1,1
A07_C27_F1_s25_w2.TIF,27,1,2
A08_C31_F1_s01_w1.TIF,31,1,1
A08_C31_F1_s01_w2.TIF,31,1,2
A08_C31_F1_s02_w1.TIF,31,1,1
A08_C31_F1_s02_w2.TIF,31,1,2
A08_C31_F1_s04_w1.TIF,31,1,1
A08_C31_F1_s04_w2.TIF,31,1,2
A08_C31_F1_s05_w1.TIF,31,1,1
A08_C31_F1_s05_w2.TIF,31,1,2
A08_C31_F1_s06_w1.TIF,31,1,1
A08_C31_F1_s08_w1.TIF,31,1,1
A08_C31_F1_s08_w2.TIF,31,1,2
A08_C31_F1_s09_w1.TIF,31,1,1
A08_C31_F1_s09_w2.TIF,31,1,2
A08_C31_F1_s11_w1.TIF,31,1,1
A08_C31_F1_s11_w2.TIF,31,1,2
A08_C31_F1_s12_w2.TIF,31,1,2
A08_C31_F1_s13_w1.TIF,31,1,1
A08_C31_F1_s13_w2.TIF,31,1,2
A08_C31_F1_s14_w1.TIF,31,1,1
A08_C31_F1_s14_w2.TIF,31,1,2
A08_C31_F1_s15_w2.TIF,31,1,2
A08_C31_F1_s16_w1.TIF,31,1,1
A08_C31_F1_s17_w1.TIF,31,1,1
A08_C31_F1_s17_w2.TIF,31,1,2
A08_C31_F1_s18_w2.TIF,31,1,2
A08_C31_F1_s19_w1.TIF,31,1,1
A08_C31_F1_s19_w2.TIF,31,1,2
A08_C31_F1_s20_w2.TIF,31,1,2
A08_C31_F1_s21_w2.TIF,31,1,2
A08_C31_F1_s22_w1.TIF,31,1,1
A08_C31_F1_s22_w2.TIF,31,1,2
A08_C31_F1_s23_w1.TIF,31,1,1
A08_C31_F1_s24_w1.TIF,31,1,1
A08_C31_F1_s25_w1.TIF,31,1,1
A08_C31_F1_s25_w2.TIF,31,1,2
A09_C35_F1_s01_w1.TIF,35,1,1
A09_C35_F1_s01_w2.TIF,35,1,2
A09_C35_F1_s02_w2.TIF,35,1,2
A09_C35_F1_s03_w1.TIF,35,1,1
A09_C35_F1_s04_w2.TIF,35,1,2
A09_C35_F1_s05_w1.TIF,35,1,1
A09_C35_F1_s05_w2.TIF,35,1,2
A09_C35_F1_s06_w1.TIF,35,1,1
A09_C35_F1_s08_w2.TIF,35,1,2
A09_C35_F1_s09_w1.TIF,35,1,1
A09_C35_F1_s10_w1.TIF,35,1,1
A09_C35_F1_s11_w1.TIF,35,1,1
A09_C35_F1_s11_w2.TIF,35,1,2
A09_C35_F1_s12_w1.TIF,35,1,1
A09_C35_F1_s12_w2.TIF,35,1,2
A09_C35_F1_s13_w1.TIF,35,1,1
A09_C35_F1_s14_w1.TIF,35,1,1
A09_C35_F1_s15_w2.TIF,35,1,2
A09_C35_F1_s16_w2.TIF,35,1,2
A09_C35_F1_s17_w2.TIF,35,1,2
A09_C35_F1_s18_w1.TIF,35,1,1
A09_C35_F1_s19_w1.TIF,35,1,1
A09_C35_F1_s19_w2.TIF,35,1,2
A09_C35_F1_s20_w1.TIF,35,1,1
A09_C35_F1_s20_w2.TIF,35,1,2
A09_C35_F1_s21_w2.TIF,35,1,2
A09_C35_F1_s22_w1.TIF,35,1,1
A09_C35_F1_s22_w2.TIF,35,1,2
A09_C35_F1_s23_w1.TIF,35,1,1
A09_C35_F1_s23_w2.TIF,35,1,2
A09_C35_F1_s24_w1.TIF,35,1,1
A09_C35_F1_s24_w2.TIF,35,1,2
A09_C35_F1_s25_w2.TIF,35,1,2
A10_C40_F1_s01_w1.TIF,40,1,1
A10_C40_F1_s01_w2.TIF,40,1,2
A10_C40_F1_s02_w2.TIF,40,1,2
A10_C40_F1_s03_w1.TIF,40,1,1
A10_C40_F1_s03_w2.TIF,40,1,2
A10_C40_F1_s04_w2.TIF,40,1,2
A10_C40_F1_s05_w1.TIF,40,1,1
A10_C40_F1_s05_w2.TIF,40,1,2
A10_C40_F1_s06_w2.TIF,40,1,2
A10_C40_F1_s07_w1.TIF,40,1,1
A10_C40_F1_s07_w2.TIF,40,1,2
A10_C40_F1_s08_w2.TIF,40,1,2
A10_C40_F1_s09_w1.TIF,40,1,1
A10_C40_F1_s10_w1.TIF,40,1,1
A10_C40_F1_s11_w1.TIF,40,1,1
A10_C40_F1_s11_w2.TIF,40,1,2
A10_C40_F1_s13_w1.TIF,40,1,1
A10_C40_F1_s14_w2.TIF,40,1,2
A10_C40_F1_s15_w1.TIF,40,1,1
A10_C40_F1_s15_w2.TIF,40,1,2
A10_C40_F1_s16_w1.TIF,40,1,1
A10_C40_F1_s17_w1.TIF,40,1,1
A10_C40_F1_s18_w1.TIF,40,1,1
A10_C40_F1_s18_w2.TIF,40,1,2
A10_C40_F1_s19_w1.TIF,40,1,1
A10_C40_F1_s19_w2.TIF,40,1,2
A10_C40_F1_s20_w2.TIF,40,1,2
A10_C40_F1_s21_w2.TIF,40,1,2
A10_C40_F1_s22_w2.TIF,40,1,2
A10_C40_F1_s23_w1.TIF,40,1,1
A10_C40_F1_s24_w1.TIF,40,1,1
A10_C40_F1_s24_w2.TIF,40,1,2
A10_C40_F1_s25_w2.TIF,40,1,2
A11_C44_F1_s01_w1.TIF,44,1,1
A11_C44_F1_s01_w2.TIF,44,1,2
A11_C44_F1_s03_w2.TIF,44,1,2
A11_C44_F1_s05_w1.TIF,44,1,1
A11_C44_F1_s05_w2.TIF,44,1,2
A11_C44_F1_s06_w1.TIF,44,1,1
A11_C44_F1_s07_w1.TIF,44,1,1
A11_C44_F1_s08_w1.TIF,44,1,1
A11_C44_F1_s08_w2.TIF,44,1,2
A11_C44_F1_s10_w2.TIF,44,1,2
A11_C44_F1_s11_w1.TIF,44,1,1
A11_C44_F1_s11_w2.TIF,44,1,2
A11_C44_F1_s12_w1.TIF,44,1,1
A11_C44_F1_s12_w2.TIF,44,1,2
A11_C44_F1_s13_w1.TIF,44,1,1
A11_C44_F1_s14_w1.TIF,44,1,1
A11_C44_F1_s14_w2.TIF,44,1,2
A11_C44_F1_s15_w1.TIF,44,1,1
A11_C44_F1_s15_w2.TIF,44,1,2
A11_C44_F1_s16_w1.TIF,44,1,1
A11_C44_F1_s17_w2.TIF,44,1,2
A11_C44_F1_s18_w1.TIF,44,1,1
A11_C44_F1_s18_w2.TIF,44,1,2
A11_C44_F1_s19_w2.TIF,44,1,2
A11_C44_F1_s20_w2.TIF,44,1,2
A11_C44_F1_s21_w1.TIF,44,1,1
A11_C44_F1_s21_w2.TIF,44,1,2
A11_C44_F1_s22_w2.TIF,44,1,2
A11_C44_F1_s23_w2.TIF,44,1,2
A11_C44_F1_s25_w1.TIF,44,1,1
A11_C44_F1_s25_w2.TIF,44,1,2
A12_C48_F1_s02_w1.TIF,48,1,1
A12_C48_F1_s03_w1.TIF,48,1,1
A12_C48_F1_s03_w2.TIF,48,1,2
A12_C48_F1_s04_w2.TIF,48,1,2
A12_C48_F1_s05_w1.TIF,48,1,1
A12_C48_F1_s07_w1.TIF,48,1,1
A12_C48_F1_s07_w2.TIF,48,1,2
A12_C48_F1_s08_w1.TIF,48,1,1
A12_C48_F1_s08_w2.TIF,48,1,2
A12_C48_F1_s09_w2.TIF,48,1,2
A12_C48_F1_s10_w1.TIF,48,1,1
A12_C48_F1_s11_w1.TIF,48,1,1
A12_C48_F1_s12_w1.TIF,48,1,1
A12_C48_F1_s12_w2.TIF,48,1,2
A12_C48_F1_s13_w2.TIF,48,1,2
A12_C48_F1_s15_w1.TIF,48,1,1
A12_C48_F1_s15_w2.TIF,48,1,2
A12_C48_F1_s17_w1.TIF,48,1,1
A12_C48_F1_s19_w1.TIF,48,1,1
A12_C48_F1_s19_w2.TIF,48,1,2
A12_C48_F1_s20_w1.TIF,48,1,1
A12_C48_F1_s20_w2.TIF,48,1,2
A12_C48_F1_s21_w1.TIF,48,1,1
A12_C48_F1_s21_w2.TIF,48,1,2
A12_C48_F1_s22_w1.TIF,48,1,1
A12_C48_F1_s23_w1.TIF,48,1,1
A12_C48_F1_s23_w2.TIF,48,1,2
A12_C48_F1_s24_w1.TIF,48,1,1
A12_C48_F1_s24_w2.TIF,48,1,2
A12_C48_F1_s25_w1.TIF,48,1,1
A12_C48_F1_s25_w2.TIF,48,1,2
A13_C53_F1_s01_w1.TIF,53,1,1
A13_C53_F1_s01_w2.TIF,53,1,2
A13_C53_F1_s02_w2.TIF,53,1,2
A13_C53_F1_s04_w1.TIF,53,1,1
A13_C53_F1_s04_w2.TIF,53,1,2
A13_C53_F1_s05_w2.TIF,53,1,2
A13_C53_F1_s06_w1.TIF,53,1,1
A13_C53_F1_s06_w2.TIF,53,1,2
A13_C53_F1_s07_w2.TIF,53,1,2
A13_C53_F1_s08_w2.TIF,53,1,2
A13_C53_F1_s10_w1.TIF,53,1,1
A13_C53_F1_s10_w2.TIF,53,1,2
A13_C53_F1_s11_w1.TIF,53,1,1
A13_C53_F1_s11_w2.TIF,53,1,2
A13_C53_F1_s12_w1.TIF,53,1,1
A13_C53_F1_s12_w2.TIF,53,1,2
A13_C53_F1_s13_w1.TIF,53,1,1
A13_C53_F1_s13_w2.TIF,53,1,2
A13_C53_F1_s15_w1.TIF,53,1,1
A13_C53_F1_s16_w1.TIF,53,1,1
A13_C53_F1_s17_w1.TIF,53,1,1
A13_C53_F1_s17_w2.TIF,53,1,2
A13_C53_F1_s18_w1.TIF,53,1,1
A13_C53_F1_s18_w2.TIF,53,1,2
A13_C53_F1_s19_w1.TIF,53,1,1
A13_C53_F1_s19_w2.TIF,53,1,2
A13_C53_F1_s21_w1.TIF,53,1,1
A13_C53_F1_s21_w2.TIF,53,1,2
A13_C53_F1_s22_w2.TIF,53,1,2
A13_C53_F1_s23_w1.TIF,53,1,1
A13_C53_F1_s23_w2.TIF,53,1,2
A13_C53_F1_s24_w2.TIF,53,1,2
A13_C53_F1_s25_w1.TIF,53,1,1
A13_C53_F1_s25_w2.TIF,53,1,2
A14_C57_F1_s01_w1.TIF,57,1,1
A14_C57_F1_s02_w2.TIF,57,1,2
A14_C57_F1_s03_w1.TIF,57,1,1
A14_C57_F1_s03_w2.TIF,57,1,2
A14_C57_F1_s05_w1.TIF,57,1,1
A14_C57_F1_s06_w1.TIF,57,1,1
A14_C57_F1_s07_w1.TIF,57,1,1
A14_C57_F1_s07_w2.TIF,57,1,2
A14_C57_F1_s08_w1.TIF,57,1,1
A14_C57_F1_s08_w2.TIF,57,1,2
A14_C57_F1_s09_w2.TIF,57,1,2
A14_C57_F1_s10_w1.TIF,57,1,1
A14_C57_F1_s11_w1.TIF,57,1,1
A14_C57_F1_s12_w2.TIF,57,1,2
A14_C57_F1_s13_w2.TIF,57,1,2
A14_C57_F1_s14_w1.TIF,57,1,1
A14_C57_F1_s15_w1.TIF,57,1,1
A14_C57_F1_s16_w2.TIF,57,1,2
A14_C57_F1_s17_w1.TIF,57,1,1
A14_C57_F1_s17_w2.TIF,57,1,2
A14_C57_F1_s19_w1.TIF,57,1,1
A14_C57_F1_s20_w1.TIF,57,1,1
A14_C57_F1_s21_w1.TIF,57,1,1
A14_C57_F1_s21_w2.TIF,57,1,2
A14_C57_F1_s22_w2.TIF,57,1,2
A14_C57_F1_s23_w1.TIF,57,1,1
A14_C57_F1_s23_w2.TIF,57,1,2
A14_C57_F1_s24_w2.TIF,57,1,2
A14_C57_F1_s25_w2.TIF,57,1,2
A15_C61_F1_s01_w1.TIF,61,1,1
A15_C61_F1_s02_w2.TIF,61,1,2
A15_C61_F1_s03_w1.TIF,61,1,1
A15_C61_F1_s04_w2.TIF,61,1,2
A15_C61_F1_s05_w2.TIF,61,1,2
A15_C61_F1_s06_w1.TIF,61,1,1
A15_C61_F1_s06_w2.TIF,61,1,2
A15_C61_F1_s07_w1.TIF,61,1,1
A15_C61_F1_s07_w2.TIF,61,1,2
A15_C61_F1_s08_w1.TIF,61,1,1
A15_C61_F1_s08_w2.TIF,61,1,2
A15_C61_F1_s09_w1.TIF,61,1,1
A15_C61_F1_s09_w2.TIF,61,1,2
A15_C61_F1_s10_w1.TIF,61,1,1
A15_C61_F1_s11_w1.TIF,61,1,1
A15_C61_F1_s12_w1.TIF,61,1,1
A15_C61_F1_s13_w1.TIF,61,1,1
A15_C61_F1_s13_w2.TIF,61,1,2
A15_C61_F1_s14_w1.TIF,61,1,1
A15_C61_F1_s14_w2.TIF,61,1,2
A15_C61_F1_s15_w1.TIF,61,1,1
A15_C61_F1_s16_w1.TIF,61,1,1
A15_C61_F1_s16_w2.TIF,61,1,2
A15_C61_F1_s17_w1.TIF,61,1,1
A15_C61_F1_s18_w1.TIF,61,1,1
A15_C61_F1_s18_w2.TIF,61,1,2
A15_C61_F1_s19_w2.TIF,61,1,2
A15_C61_F1_s20_w1.TIF,61,1,1
A15_C61_F1_s20_w2.TIF,61,1,2
A15_C61_F1_s21_w1.TIF,61,1,1
A15_C61_F1_s21_w2.TIF,61,1,2
A15_C61_F1_s22_w1.TIF,61,1,1
A15_C61_F1_s22_w2.TIF,61,1,2
A15_C61_F1_s23_w1.TIF,61,1,1
A15_C61_F1_s24_w2.TIF,61,1,2
A15_C61_F1_s25_w2.TIF,61,1,2
A16_C66_F1_s01_w1.TIF,66,1,1
A16_C66_F1_s02_w1.TIF,66,1,1
A16_C66_F1_s02_w2.TIF,66,1,2
A16_C66_F1_s03_w1.TIF,66,1,1
A16_C66_F1_s04_w1.TIF,66,1,1
A16_C66_F1_s05_w1.TIF,66,1,1
A16_C66_F1_s05_w2.TIF,66,1,2
A16_C66_F1_s06_w1.TIF,66,1,1
A16_C66_F1_s06_w2.TIF,66,1,2
A16_C66_F1_s07_w1.TIF,66,1,1
A16_C66_F1_s07_w2.TIF,66,1,2
A16_C66_F1_s08_w1.TIF,66,1,1
A16_C66_F1_s08_w2.TIF,66,1,2
A16_C66_F1_s09_w2.TIF,66,1,2
A16_C66_F1_s10_w2.TIF,66,1,2
A16_C66_F1_s11_w2.TIF,66,1,2
A16_C66_F1_s12_w1.TIF,66,1,1
A16_C66_F1_s12_w2.TIF,66,1,2
A16_C66_F1_s13_w1.TIF,66,1,1
A16_C66_F1_s14_w1.TIF,66,1,1
A16_C66_F1_s16_w2.TIF,66,1,2
A16_C66_F1_s17_w1.TIF,66,1,1
A16_C66_F1_s17_w2.TIF,66,1,2
A16_C66_F1_s18_w2.TIF,66,1,2
A16_C66_F1_s19_w2.TIF,66,1,2
A16_C66_F1_s20_w1.TIF,66,1,1
A16_C66_F1_s20_w2.TIF,66,1,2
A16_C66_F1_s21_w1.TIF,66,1,1
A16_C66_F1_s21_w2.TIF,66,1,2
A16_C66_F1_s22_w2.TIF,66,1,2
A16_C66_F1_s23_w1.TIF,66,1,1
A16_C66_F1_s24_w1.TIF,66,1,1
A16_C66_F1_s25_w1.TIF,66,1,1
A16_C66_F1_s25_w2.TIF,66,1,2
A17_C70_F1_s01_w1.TIF,70,1,1
A17_C70_F1_s02_w1.TIF,70,1,1
A17_C70_F1_s02_w2.TIF,70,1,2
A17_C70_F1_s03_w1.TIF,70,1,1
A17_C70_F1_s03_w2.TIF,70,1,2
A17_C70_F1_s04_w1.TIF,70,1,1
A17_C70_F1_s04_w2.TIF,70,1,2
A17_C70_F1_s05_w1.TIF,70,1,1
A17_C70_F1_s05_w2.TIF,70,1,2
A17_C70_F1_s06_w1.TIF,70,1,1
A17_C70_F1_s07_w1.TIF,70,1,1
A17_C70_F1_s08_w1.TIF,70,1,1
A17_C70_F1_s08_w2.TIF,70,1,2
A17_C70_F1_s09_w2.TIF,70,1,2
A17_C70_F1_s10_w2.TIF,70,1,2
A17_C70_F1_s11_w1.TIF,70,1,1
A17_C70_F1_s11_w2.TIF,70,1,2
A17_C70_F1_s12_w1.TIF,70,1,1
A17_C70_F1_s13_w1.TIF,70,1,1
A17_C70_F1_s14_w2.TIF,70,1,2
A17_C70_F1_s17_w1.TIF,70,1,1
A17_C70_F1_s17_w2.TIF,70,1,2
A17_C70_F1_s18_w2.TIF,70,1,2
A17_C70_F1_s19_w2.TIF,70,1,2
A17_C70_F1_s20_w1.TIF,70,1,1
A17_C70_F1_s20_w2.TIF,70,1,2
A17_C70_F1_s21_w2.TIF,70,1,2
A17_C70_F1_s22_w1.TIF,70,1,1
A17_C70_F1_s22_w2.TIF,70,1,2
A17_C70_F1_s24_w1.TIF,70,1,1
A17_C70_F1_s24_w2.TIF,70,1,2
A17_C70_F1_s25_w1.TIF,70,1,1
A17_C70_F1_s25_w2.TIF,70,1,2
A18_C74_F1_s01_w1.TIF,74,1,1
A18_C74_F1_s01_w2.TIF,74,1,2
A18_C74_F1_s02_w1.TIF,74,1,1
A18_C74_F1_s03_w1.TIF,74,1,1
A18_C74_F1_s03_w2.TIF,74,1,2
A18_C74_F1_s04_w1.TIF,74,1,1
A18_C74_F1_s04_w2.TIF,74,1,2
A18_C74_F1_s05_w2.TIF,74,1,2
A18_C74_F1_s06_w2.TIF,74,1,2
A18_C74_F1_s07_w1.TIF,74,1,1
A18_C74_F1_s07_w2.TIF,74,1,2
A18_C74_F1_s08_w1.TIF,74,1,1
A18_C74_F1_s10_w1.TIF,74,1,1
A18_C74_F1_s10_w2.TIF,74,1,2
A18_C74_F1_s11_w2.TIF,74,1,2
A18_C74_F1_s12_w2.TIF,74,1,2
A18_C74_F1_s13_w2.TIF,74,1,2
A18_C74_F1_s14_w1.TIF,74,1,1
A18_C74_F1_s14_w2.TIF,74,1,2
A18_C74_F1_s15_w1.TIF,74,1,1
A18_C74_F1_s15_w2.TIF,74,1,2
A18_C74_F1_s16_w1.TIF,74,1,1
A18_C74_F1_s17_w1.TIF,74,1,1
A18_C74_F1_s18_w2.TIF,74,1,2
A18_C74_F1_s19_w2.TIF,74,1,2
A18_C74_F1_s20_w1.TIF,74,1,1
A18_C74_F1_s20_w2.TIF,74,1,2
A18_C74_F1_s21_w1.TIF,74,1,1
A18_C74_F1_s21_w2.TIF,74,1,2
A18_C74_F1_s22_w1.TIF,74,1,1
A18_C74_F1_s22_w2.TIF,74,1,2
A18_C74_F1_s23_w1.TIF,74,1,1
A18_C74_F1_s23_w2.TIF,74,1,2
A18_C74_F1_s24_w1.TIF,74,1,1
A18_C74_F1_s25_w1.TIF,74,1,1
A18_C74_F1_s25_w2.TIF,74,1,2
A19_C78_F1_s01_w1.TIF,78,1,1
A19_C78_F1_s02_w2.TIF,78,1,2
A19_C78_F1_s03_w1.TIF,78,1,1
A19_C78_F1_s04_w2.TIF,78,1,2
A19_C78_F1_s05_w1.TIF,78,1,1
A19_C78_F1_s05_w2.TIF,78,1,2
A19_C78_F1_s06_w1.TIF,78,1,1
A19_C78_F1_s06_w2.TIF,78,1,2
A19_C78_F1_s08_w2.TIF,78,1,2
A19_C78_F1_s09_w1.TIF,78,1,1
A19_C78_F1_s09_w2.TIF,78,1,2
A19_C78_F1_s10_w2.TIF,78,1,2
A19_C78_F1_s12_w1.TIF,78,1,1
A19_C78_F1_s12_w2.TIF,78,1,2
A19_C78_F1_s13_w1.TIF,78,1,1
A19_C78_F1_s13_w2.TIF,78,1,2
A19_C78_F1_s15_w1.TIF,78,1,1
A19_C78_F1_s15_w2.TIF,78,1,2
A19_C78_F1_s16_w2.TIF,78,1,2
A19_C78_F1_s18_w1.TIF,78,1,1
A19_C78_F1_s18_w2.TIF,78,1,2
A19_C78_F1_s19_w2.TIF,78,1,2
A19_C78_F1_s20_w1.TIF,78,1,1
A19_C78_F1_s20_w2.TIF,78,1,2
A19_C78_F1_s21_w1.TIF,78,1,1
A19_C78_F1_s21_w2.TIF,78,1,2
A19_C78_F1_s22_w1.TIF,78,1,1
A19_C78_F1_s23_w2.TIF,78,1,2
A19_C78_F1_s24_w2.TIF,78,1,2
A19_C78_F1_s25_w1.TIF,78,1,1
A19_C78_F1_s25_w2.TIF,78,1,2
A20_C83_F1_s01_w1.TIF,83,1,1
A20_C83_F1_s01_w2.TIF,83,1,2
A20_C83_F1_s02_w1.TIF,83,1,1
A20_C83_F1_s02_w2.TIF,83,1,2
A20_C83_F1_s03_w1.TIF,83,1,1
A20_C83_F1_s04_w2.TIF,83,1,2
A20_C83_F1_s05_w1.TIF,83,1,1
A20_C83_F1_s05_w2.TIF,83,1,2
A20_C83_F1_s06_w1.TIF,83,1,1
A20_C83_F1_s07_w1.TIF,83,1,1
A20_C83_F1_s08_w1.TIF,83,1,1
A20_C83_F1_s08_w2.TIF,83,1,2
A20_C83_F1_s09_w1.TIF,83,1,1
A20_C83_F1_s10_w2.TIF,83,1,2
A20_C83_F1_s11_w1.TIF,83,1,1
A20_C83_F1_s11_w2.TIF,83,1,2
A20_C83_F1_s12_w2.TIF,83,1,2
A20_C83_F1_s13_w2.TIF,83,1,2
A20_C83_F1_s14_w2.TIF,83,1,2
A20_C83_F1_s15_w1.TIF,83,1,1
A20_C83_F1_s15_w2.TIF,83,1,2
A20_C83_F1_s16_w1.TIF,83,1,1
A20_C83_F1_s16_w2.TIF,83,1,2
A20_C83_F1_s17_w1.TIF,83,1,1
A20_C83_F1_s18_w1.TIF,83,1,1
A20_C83_F1_s18_w2.TIF,83,1,2
A20_C83_F1_s19_w1.TIF,83,1,1
A20_C83_F1_s20_w1.TIF,83,1,1
A20_C83_F1_s21_w1.TIF,83,1,1
A20_C83_F1_s21_w2.TIF,83,1,2
A20_C83_F1_s22_w1.TIF,83,1,1
A20_C83_F1_s23_w1.TIF,83,1,1
A20_C83_F1_s23_w2.TIF,83,1,2
A20_C83_F1_s24_w1.TIF,83,1,1
A20_C83_F1_s24_w2.TIF,83,1,2
A20_C83_F1_s25_w1.TIF,83,1,1
A21_C87_F1_s01_w1.TIF,87,1,1
A21_C87_F1_s02_w1.TIF,87,1,1
A21_C87_F1_s04_w1.TIF,87,1,1
A21_C87_F1_s04_w2.TIF,87,1,2
A21_C87_F1_s05_w1.TIF,87,1,1
A21_C87_F1_s05_w2.TIF,87,1,2
A21_C87_F1_s06_w1.TIF,87,1,1
A21_C87_F1_s06_w2.TIF,87,1,2
A21_C87_F1_s07_w1.TIF,87,1,1
A21_C87_F1_s07_w2.TIF,87,1,2
A21_C87_F1_s08_w1.TIF,87,1,1
A21_C87_F1_s09_w1.TIF,87,1,1
A21_C87_F1_s09_w2.TIF,87,1,2
A21_C87_F1_s10_w1.TIF,87,1,1
A21_C87_F1_s10_w2.TIF,87,1,2
A21_C87_F1_s12_w1.TIF,87,1,1
A21_C87_F1_s13_w1.TIF,87,1,1
A21_C87_F1_s13_w2.TIF,87,1,2
A21_C87_F1_s14_w1.TIF,87,1,1
A21_C87_F1_s14_w2.TIF,87,1,2
A21_C87_F1_s15_w1.TIF,87,1,1
A21_C87_F1_s16_w2.TIF,87,1,2
A21_C87_F1_s17_w1.TIF,87,1,1
A21_C87_F1_s17_w2.TIF,87,1,2
A21_C87_F1_s18_w1.TIF,87,1,1
A21_C87_F1_s18_w2.TIF,87,1,2
A21_C87_F1_s19_w2.TIF,87,1,2
A21_C87_F1_s20_w2.TIF,87,1,2
A21_C87_F1_s22_w1.TIF,87,1,1
A21_C87_F1_s24_w2.TIF,87,1,2
A21_C87_F1_s25_w1.TIF,87,1,1
A21_C87_F1_s25_w2.TIF,87,1,2
A22_C91_F1_s01_w1.TIF,91,1,1
A22_C91_F1_s01_w2.TIF,91,1,2
A22_C91_F1_s02_w2.TIF,91,1,2
A22_C91_F1_s03_w1.TIF,91,1,1
A22_C91_F1_s03_w2.TIF,91,1,2
A22_C91_F1_s04_w2.TIF,91,1,2
A22_C91_F1_s05_w1.TIF,91,1,1
A22_C91_F1_s05_w2.TIF,91,1,2
A22_C91_F1_s06_w1.TIF,91,1,1
A22_C91_F1_s06_w2.TIF,91,1,2
A22_C91_F1_s07_w1.TIF,91,1,1
A22_C91_F1_s08_w1.TIF,91,1,1
A22_C91_F1_s08_w2.TIF,91,1,2
A22_C91_F1_s09_w1.TIF,91,1,1
A22_C91_F1_s09_w2.TIF,91,1,2
A22_C91_F1_s10_w1.TIF,91,1,1
A22_C91_F1_s10_w2.TIF,91,1,2
A22_C91_F1_s11_w1.TIF,91,1,1
A22_C91_F1_s11_w2.TIF,91,1,2
A22_C91_F1_s12_w1.TIF,91,1,1
A22_C91_F1_s12_w2.TIF,91,1,2
A22_C91_F1_s13_w2.TIF,91,1,2
A22_C91_F1_s14_w1.TIF,91,1,1
A22_C91_F1_s15_w2.TIF,91,1,2
A22_C91_F1_s16_w1.TIF,91,1,1
A22_C91_F1_s17_w1.TIF,91,1,1
A22_C91_F1_s17_w2.TIF,91,1,2
A22_C91_F1_s18_w2.TIF,91,1,2
A22_C91_F1_s19_w1.TIF,91,1,1
A22_C91_F1_s19_w2.TIF,91,1,2
A22_C91_F1_s20_w1.TIF,91,1,1
A22_C91_F1_s22_w1.TIF,91,1,1
A22_C91_F1_s22_w2.TIF,91,1,2
A22_C91_F1_s24_w2.TIF,91,1,2
A22_C91_F1_s25_w2.TIF,91,1,2
A23_C96_F1_s01_w2.TIF,96,1,2
A23_C96_F1_s02_w1.TIF,96,1,1
A23_C96_F1_s03_w1.TIF,96,1,1
A23_C96_F1_s03_w2.TIF,96,1,2
A23_C96_F1_s04_w2.TIF,96,1,2
A23_C96_F1_s05_w1.TIF,96,1,1
A23_C96_F1_s06_w1.TIF,96,1,1
A23_C96_F1_s06_w2.TIF,96,1,2
A23_C96_F1_s07_w1.TIF,96,1,1
A23_C96_F1_s07_w2.TIF,96,1,2
A23_C96_F1_s08_w1.TIF,96,1,1
A23_C96_F1_s08_w2.TIF,96,1,2
A23_C96_F1_s09_w1.TIF,96,1,1
A23_C96_F1_s09_w2.TIF,96,1,2
A23_C96_F1_s10_w1.TIF,96,1,1
A23_C96_F1_s11_w1.TIF,96,1,1
A23_C96_F1_s11_w2.TIF,96,1,2
A23_C96_F1_s12_w1.TIF,96,1,1
A23_C96_F1_s13_w1.TIF,96,1,1
A23_C96_F1_s14_w1.TIF,96,1,1
A23_C96_F1_s14_w2.TIF,96,1,2
A23_C96_F1_s15_w1.TIF,96,1,1
A23_C96_F1_s16_w1.TIF,96,1,1
A23_C96_F1_s17_w1.TIF,96,1,1
A23_C96_F1_s17_w2.TIF,96,1,2
A23_C96_F1_s19_w2.TIF,96,1,2
A23_C96_F1_s20_w1.TIF,96,1,1
A23_C96_F1_s21_w1.TIF,96,1,1
A23_C96_F1_s21_w2.TIF,96,1,2
A23_C96_F1_s22_w1.TIF,96,1,1
A23_C96_F1_s23_w1.TIF,96,1,1
A23_C96_F1_s24_w2.TIF,96,1,2
A23_C96_F1_s25_w1.TIF,96,1,1
A23_C96_F1_s25_w2.TIF,96,1,2
A24_C100_F1_s01_w1.TIF,100,1,1
A24_C100_F1_s01_w2.TIF,100,1,2
A24_C100_F1_s02_w2.TIF,100,1,2
A24_C100_F1_s03_w1.TIF,100,1,1
A24_C100_F1_s03_w2.TIF,100,1,2
A24_C100_F1_s04_w1.TIF,100,1,1
A24_C100_F1_s04_w2.TIF,100,1,2
A24_C100_F1_s05_w1.TIF,100,1,1
A24_C100_F1_s05_w2.TIF,100,1,2
A24_C100_F1_s06_w1.TIF,100,1,1
A24_C100_F1_s07_w2.TIF,100,1,2
A24_C100_F1_s08_w1.TIF,100,1,1
A24_C100_F1_s09_w1.TIF,100,1,1
A24_C100_F1_s10_w1.TIF,100,1,1
A24_C100_F1_s10_w2.TIF,100,1,2
A24_C100_F1_s11_w2.TIF,100,1,2
A24_C100_F1_s13_w1.TIF,100,1,1
A24_C100_F1_s13_w2.TIF,100,1,2
A24_C100_F1_s14_w1.TIF,100,1,1
A24_C100_F1_s14_w2.TIF,100,1,2
A24_C100_F1_s15_w1.TIF,100,1,1
A24_C100_F1_s15_w2.TIF,100,1,2
A24_C100_F1_s16_w1.TIF,100,1,1
A24_C100_F1_s16_w2.TIF,100,1,2
A24_C100_F1_s17_w1.TIF,100,1,1
A24_C100_F1_s17_w2.TIF,100,1,2
A24_C100_F1_s18_w1.TIF,100,1,1
A24_C100_F1_s19_w1.TIF,100,1,1
A24_C100_F1_s19_w2.TIF,100,1,2
A24_C100_F1_s20_w1.TIF,100,1,1
A24_C100_F1_s20_w2.TIF,100,1,2
A24_C100_F1_s21_w1.TIF,100,1,1
A24_C100_F1_s21_w2.TIF,100,1,2
A24_C100_F1_s23_w1.TIF,100,1,1
A24_C100_F1_s23_w2.TIF,100,1,2
A24_C100_F1_s24_w1.TIF,100,1,1
A24_C100_F1_s24_w2.TIF,100,1,2
H01_C1_F23_s01_w1.TIF,1,23,1
H01_C1_F23_s01_w2.TIF,1,23,2
H01_C1_F23_s02_w2.TIF,1,23,2
H01_C1_F23_s03_w1.TIF,1,23,1
H01_C1_F23_s04_w1.TIF,1,23,1
H01_C1_F23_s04_w2.TIF,1,23,2
H01_C1_F23_s05_w1.TIF,1,23,1
H01_C1_F23_s05_w2.TIF,1,23,2
H01_C1_F23_s06_w1.TIF,1,23,1
H01_C1_F23_s06_w2.TIF,1,23,2
H01_C1_F23_s07_w2.TIF,1,23,2
H01_C1_F23_s08_w2.TIF,1,23,2
H01_C1_F23_s09_w1.TIF,1,23,1
H01_C1_F23_s09_w2.TIF,1,23,2
H01_C1_F23_s10_w1.TIF,1,23,1
H01_C1_F23_s10_w2.TIF,1,23,2
H01_C1_F23_s11_w1.TIF,1,23,1
H01_C1_F23_s12_w2.TIF,1,23,2
H01_C1_F23_s13_w1.TIF,1,23,1
H01_C1_F23_s13_w2.TIF,1,23,2
H01_C1_F23_s14_w1.TIF,1,23,1
H01_C1_F23_s14_w2.TIF,1,23,2
H01_C1_F23_s15_w2.TIF,1,23,2
H01_C1_F23_s16_w1.TIF,1,23,1
H01_C1_F23_s16_w2.TIF,1,23,2
H01_C1_F23_s17_w1.TIF,1,23,1
H01_C1_F23_s18_w2.TIF,1,23,2
H01_C1_F23_s19_w1.TIF,1,23,1
H01_C1_F23_s19_w2.TIF,1,23,2
H01_C1_F23_s20_w2.TIF,1,23,2
H01_C1_F23_s21_w2.TIF,1,23,2
H01_C1_F23_s22_w1.TIF,1,23,1
H01_C1_F23_s22_w2.TIF,1,23,2
H01_C1_F23_s23_w1.TIF,1,23,1
H01_C1_F23_s23_w2.TIF,1,23,2
H01_C1_F23_s24_w1.TIF,1,23,1
H01_C1_F23_s25_w1.TIF,1,23,1
H01_C1_F23_s25_w2.TIF,1,23,2
H02_C5_F23_s01_w1.TIF,5,23,1
H02_C5_F23_s01_w2.TIF,5,23,2
H02_C5_F23_s02_w2.TIF,5,23,2
H02_C5_F23_s03_w1.TIF,5,23,1
H02_C5_F23_s03_w2.TIF,5,23,2
H02_C5_F23_s04_w2.TIF,5,23,2
H02_C5_F23_s06_w2.TIF,5,23,2
H02_C5_F23_s07_w1.TIF,5,23,1
H02_C5_F23_s07_w2.TIF,5,23,2
H02_C5_F23_s10_w1.TIF,5,23,1
H02_C5_F23_s10_w2.TIF,5,23,2
H02_C5_F23_s11_w2.TIF,5,23,2
H02_C5_F23_s12_w1.TIF,5,23,1
H02_C5_F23_s12_w2.TIF,5,23,2
H02_C5_F23_s13_w1.TIF,5,23,1
H02_C5_F23_s13_w2.TIF,5,23,2
H02_C5_F23_s14_w2.TIF,5,23,2
H02_C5_F23_s15_w1.TIF,5,23,1
H02_C5_F23_s15_w2.TIF,5,23,2
H02_C5_F23_s16_w2.TIF,5,23,2
H02_C5_F23_s18_w2.TIF,5,23,2
H02_C5_F23_s19_w2.TIF,5,23,2
H02_C5_F23_s20_w2.TIF,5,23,2
H02_C5_F23_s21_w1.TIF,5,23,1
H02_C5_F23_s22_w1.TIF,5,23,1
H02_C5_F23_s22_w2.TIF,5,23,2
H02_C5_F23_s23_w2.TIF,5,23,2
H02_C5_F23_s24_w1.TIF,5,23,1
H02_C5_F23_s24_w2.TIF,5,23,2
H02_C5_F23_s25_w1.TIF,5,23,1
H03_C10_F23_s01_w1.TIF,10,23,1
H03_C10_F23_s02_w1.TIF,10,23,1
H03_C10_F23_s02_w2.TIF,10,23,2
H03_C10_F23_s03_w1.TIF,10,23,1
H03_C10_F23_s03_w2.TIF,10,23,2
H03_C10_F23_s04_w1.TIF,10,23,1
H03_C10_F23_s04_w2.TIF,10,23,2
H03_C10_F23_s05_w2.TIF,10,23,2
H03_C10_F23_s06_w1.TIF,10,23,1
H03_C10_F23_s06_w2.TIF,10,23,2
H03_C10_F23_s07_w1.TIF,10,23,1
H03_C10_F23_s07_w2.TIF,10,23,2
H03_C10_F23_s08_w1.TIF,10,23,1
H03_C10_F23_s09_w1.TIF,10,23,1
H03_C10_F23_s09_w2.TIF,10,23,2
H03_C10_F23_s10_w1.TIF,10,23,1
H03_C10_F23_s11_w2.TIF,10,23,2
H03_C10_F23_s12_w1.TIF,10,23,1
H03_C10_F23_s12_w2.TIF,10,23,2
H03_C10_F23_s13_w2.TIF,10,23,2
H03_C10_F23_s14_w1.TIF,10,23,1
H03_C10_F23_s14_w2.TIF,10,23,2
H03_C10_F23_s15_w1.TIF,10,23,1
H03_C10_F23_s16_w2.TIF,10,23,2
H03_C10_F23_s17_w1.TIF,10,23,1
H03_C10_F23_s18_w1.TIF,10,23,1
H03_C10_F23_s19_w1.TIF,10,23,1
H03_C10_F23_s20_w1.TIF,10,23,1
H03_C10_F23_s21_w1.TIF,10,23,1
H03_C10_F23_s22_w1.TIF,10,23,1
H03_C10_F23_s23_w1.TIF,10,23,1
H03_C10_F23_s23_w2.TIF,10,23,2
H03_C10_F23_s24_w1.TIF,10,23,1
H03_C10_F23_s24_w2.TIF,10,23,2
H03_C10_F23_s25_w1.TIF,10,23,1
H03_C10_F23_s25_w2.TIF,10,23,2
H04_C14_F23_s01_w1.TIF,14,23,1
H04_C14_F23_s01_w2.TIF,14,23,2
H04_C14_F23_s02_w1.TIF,14,23,1
H04_C14_F23_s03_w1.TIF,14,23,1
H04_C14_F23_s05_w1.TIF,14,23,1
H04_C14_F23_s06_w2.TIF,14,23,2
H04_C14_F23_s07_w1.TIF,14,23,1
H04_C14_F23_s08_w1.TIF,14,23,1
H04_C14_F23_s08_w2.TIF,14,23,2
H04_C14_F23_s09_w1.TIF,14,23,1
H04_C14_F23_s09_w2.TIF,14,23,2
H04_C14_F23_s10_w1.TIF,14,23,1
H04_C14_F23_s10_w2.TIF,14,23,2
H04_C14_F23_s11_w1.TIF,14,23,1
H04_C14_F23_s11_w2.TIF,14,23,2
H04_C14_F23_s13_w2.TIF,14,23,2
H04_C14_F23_s14_w1.TIF,14,23,1
H04_C14_F23_s14_w2.TIF,14,23,2
H04_C14_F23_s15_w1.TIF,14,23,1
H04_C14_F23_s15_w2.TIF,14,23,2
H04_C14_F23_s16_w1.TIF,14,23,1
H04_C14_F23_s16_w2.TIF,14,23,2
H04_C14_F23_s17_w1.TIF,14,23,1
H04_C14_F23_s17_w2.TIF,14,23,2
H04_C14_F23_s18_w2.TIF,14,23,2
H04_C14_F23_s19_w1.TIF,14,23,1
H04_C14_F23_s20_w1.TIF,14,23,1
H04_C14_F23_s20_w2.TIF,14,23,2
H04_C14_F23_s21_w1.TIF,14,23,1
H04_C14_F23_s22_w1.TIF,14,23,1
H04_C14_F23_s23_w1.TIF,14,23,1
H04_C14_F23_s23_w2.TIF,14,23,2
H04_C14_F23_s24_w2.TIF,14,23,2
H04_C14_F23_s25_w1.TIF,14,23,1
H04_C14_F23_s25_w2.TIF,14,23,2
H05_C18_F23_s01_w1.TIF,18,23,1
H05_C18_F23_s01_w2.TIF,18,23,2
H05_C18_F23_s02_w2.TIF,18,23,2
H05_C18_F23_s03_w1.TIF,18,23,1
H05_C18_F23_s04_w1.TIF,18,23,1
H05_C18_F23_s04_w2.TIF,18,23,2
H05_C18_F23_s05_w1.TIF,18,23,1
H05_C18_F23_s05_w2.TIF,18,23,2
H05_C18_F23_s07_w1.TIF,18,23,1
H05_C18_F23_s08_w1.TIF,18,23,1
H05_C18_F23_s08_w2.TIF,18,23,2
H05_C18_F23_s09_w1.TIF,18,23,1
H05_C18_F23_s09_w2.TIF,18,23,2
H05_C18_F23_s10_w2.TIF,18,23,2
H05_C18_F23_s11_w1.TIF,18,23,1
H05_C18_F23_s11_w2.TIF,18,23,2
H05_C18_F23_s12_w1.TIF,18,23,1
H05_C18_F23_s12_w2.TIF,18,23,2
H05_C18_F23_s13_w1.TIF,18,23,1
H05_C18_F23_s14_w1.TIF,18,23,1
H05_C18_F23_s14_w2.TIF,18,23,2
H05_C18_F23_s15_w2.TIF,18,23,2
H05_C18_F23_s16_w1.TIF,18,23,1
H05_C18_F23_s16_w2.TIF,18,23,2
H05_C18_F23_s17_w2.TIF,18,23,2
H05_C18_F23_s18_w1.TIF,18,23,1
H05_C18_F23_s18_w2.TIF,18,23,2
H05_C18_F23_s19_w1.TIF,18,23,1
H05_C18_F23_s20_w1.TIF,18,23,1
H05_C18_F23_s20_w2.TIF,18,23,2
H05_C18_F23_s21_w2.TIF,18,23,2
H05_C18_F23_s22_w1.TIF,18,23,1
H05_C18_F23_s22_w2.TIF,18,23,2
H05_C18_F23_s23_w1.TIF,18,23,1
H05_C18_F23_s23_w2.TIF,18,23,2
H05_C18_F23_s24_w1.TIF,18,23,1
H05_C18_F23_s24_w2.TIF,18,23,2
H05_C18_F23_s25_w2.TIF,18,23,2
H06_C23_F23_s01_w2.TIF,23,23,2
H06_C23_F23_s03_w1.TIF,23,23,1
H06_C23_F23_s03_w2.TIF,23,23,2
H06_C23_F23_s04_w2.TIF,23,23,2
H06_C23_F23_s05_w1.TIF,23,23,1
H06_C23_F23_s07_w1.TIF,23,23,1
H06_C23_F23_s07_w2.TIF,23,23,2
H06_C23_F23_s08_w2.TIF,23,23,2
H06_C23_F23_s09_w1.TIF,23,23,1
H06_C23_F23_s09_w2.TIF,23,23,2
H06_C23_F23_s10_w1.TIF,23,23,1
H06_C23_F23_s10_w2.TIF,23,23,2
H06_C23_F23_s11_w2.TIF,23,23,2
H06_C23_F23_s12_w1.TIF,23,23,1
H06_C23_F23_s12_w2.TIF,23,23,2
H06_C23_F23_s14_w1.TIF,23,23,1
H06_C23_F23_s15_w1.TIF,23,23,1
H06_C23_F23_s16_w1.TIF,23,23,1
H06_C23_F23_s17_w1.TIF,23,23,1
H06_C23_F23_s17_w2.TIF,23,23,2
H06_C23_F23_s18_w1.TIF,23,23,1
H06_C23_F23_s18_w2.TIF,23,23,2
H06_C23_F23_s20_w1.TIF,23,23,1
H06_C23_F23_s20_w2.TIF,23,23,2
H06_C23_F23_s21_w1.TIF,23,23,1
H06_C23_F23_s21_w2.TIF,23,23,2
H06_C23_F23_s22_w2.TIF,23,23,2
H06_C23_F23_s23_w1.TIF,23,23,1
H06_C23_F23_s24_w1.TIF,23,23,1
H06_C23_F23_s24_w2.TIF,23,23,2
H06_C23_F23_s25_w1.TIF,23,23,1
H06_C23_F23_s25_w2.TIF,23,23,2
H07_C27_F23_s01_w1.TIF,27,23,1
H07_C27_F23_s01_w2.TIF,27,23,2
H07_C27_F23_s02_w1.TIF,27,23,1
H07_C27_F23_s03_w1.TIF,27,23,1
H07_C27_F23_s03_w2.TIF,27,23,2
H07_C27_F23_s04_w1.TIF,27,23,1
H07_C27_F23_s04_w2.TIF,27,23,2
H07_C27_F23_s05_w2.TIF,27,23,2
H07_C27_F23_s06_w1.TIF,27,23,1
H07_C27_F23_s06_w2.TIF,27,23,2
H07_C27_F23_s07_w1.TIF,27,23,1
H07_C27_F23_s07_w2.TIF,27,23,2
H07_C27_F23_s08_w2.TIF,27,23,2
H07_C27_F23_s09_w1.TIF,27,23,1
H07_C27_F23_s09_w2.TIF,27,23,2
H07_C27_F23_s10_w1.TIF,27,23,1
H07_C27_F23_s10_w2.TIF,27,23,2
H07_C27_F23_s11_w2.TIF,27,23,2
H07_C27_F23_s12_w2.TIF,27,23,2
H07_C27_F23_s13_w1.TIF,27,23,1
H07_C27_F23_s14_w2.TIF,27,23,2
H07_C27_F23_s15_w2.TIF,27,23,2
H07_C27_F23_s16_w1.TIF,27,23,1
H07_C27_F23_s16_w2.TIF,27,23,2
H07_C27_F23_s17_w2.TIF,27,23,2
H07_C27_F23_s21_w1.TIF,27,23,1
H07_C27_F23_s21_w2.TIF,27,23,2
H07_C27_F23_s22_w1.TIF,27,23,1
H07_C27_F23_s22_w2.TIF,27,23,2
H07_C27_F23_s23_w2.TIF,27,23,2
H07_C27_F23_s25_w1.TIF,27,23,1
H07_C27_F23_s25_w2.TIF,27,23,2
H08_C31_F23_s01_w2.TIF,31,23,2
H08_C31_F23_s02_w1.TIF,31,23,1
H08_C31_F23_s02_w2.TIF,31,23,2
H08_C31_F23_s03_w1.TIF,31,23,1
H08_C31_F23_s03_w2.TIF,31,23,2
H08_C31_F23_s04_w1.TIF,31,23,1
H08_C31_F23_s04_w2.TIF,31,23,2
H08_C31_F23_s06_w1.TIF,31,23,1
H08_C31_F23_s07_w1.TIF,31,23,1
H08_C31_F23_s07_w2.TIF,31,23,2
H08_C31_F23_s08_w1.TIF,31,23,1
H08_C31_F23_s08_w2.TIF,31,23,2
H08_C31_F23_s09_w1.TIF,31,23,1
H08_C31_F23_s09_w2.TIF,31,23,2
H08_C31_F23_s10_w1.TIF,31,23,1
H08_C31_F23_s12_w1.TIF,31,23,1
H08_C31_F23_s12_w2.TIF,31,23,2
H08_C31_F23_s13_w1.TIF,31,23,1
H08_C31_F23_s13_w2.TIF,31,23,2
H08_C31_F23_s14_w1.TIF,31,23,1
H08_C31_F23_s16_w2.TIF,31,23,2
H08_C31_F23_s17_w1.TIF,31,23,1
H08_C31_F23_s18_w1.TIF,31,23,1
H08_C31_F23_s18_w2.TIF,31,23,2
H08_C31_F23_s19_w1.TIF,31,23,1
H08_C31_F23_s20_w1.TIF,31,23,1
H08_C31_F23_s20_w2.TIF,31,23,2
H08_C31_F23_s22_w1.TIF,31,23,1
H08_C31_F23_s23_w1.TIF,31,23,1
H08_C31_F23_s23_w2.TIF,31,23,2
H08_C31_F23_s24_w2.TIF,31,23,2
H08_C31_F23_s25_w1.TIF,31,23,1
H08_C31_F23_s25_w2.TIF,31,23,2
H09_C35_F23_s02_w1.TIF,35,23,1
H09_C35_F23_s04_w1.TIF,35,23,1
H09_C35_F23_s04_w2.TIF,35,23,2
H09_C35_F23_s05_w1.TIF,35,23,1
H09_C35_F23_s06_w1.TIF,35,23,1
H09_C35_F23_s07_w2.TIF,35,23,2
H09_C35_F23_s08_w2.TIF,35,23,2
H09_C35_F23_s09_w1.TIF,35,23,1
H09_C35_F23_s11_w2.TIF,35,23,2
H09_C35_F23_s12_w2.TIF,35,23,2
H09_C35_F23_s13_w1.TIF,35,23,1
H09_C35_F23_s14_w2.TIF,35,23,2
H09_C35_F23_s15_w2.TIF,35,23,2
H09_C35_F23_s16_w1.TIF,35,23,1
H09_C35_F23_s16_w2.TIF,35,23,2
H09_C35_F23_s17_w1.TIF,35,23,1
H09_C35_F23_s17_w2.TIF,35,23,2
H09_C35_F23_s18_w1.TIF,35,23,1
H09_C35_F23_s18_w2.TIF,35,23,2
H09_C35_F23_s19_w1.TIF,35,23,1
H09_C35_F23_s19_w2.TIF,35,23,2
H09_C35_F23_s20_w1.TIF,35,23,1
H09_C35_F23_s20_w2.TIF,35,23,2
H09_C35_F23_s21_w1.TIF,35,23,1
H09_C35_F23_s21_w2.TIF,35,23,2
H09_C35_F23_s22_w1.TIF,35,23,1
H09_C35_F23_s23_w1.TIF,35,23,1
H09_C35_F23_s23_w2.TIF,35,23,2
H09_C35_F23_s25_w1.TIF,35,23,1
H09_C35_F23_s25_w2.TIF,35,23,2
H10_C40_F23_s01_w2.TIF,40,23,2
H10_C40_F23_s02_w1.TIF,40,23,1
H10_C40_F23_s03_w1.TIF,40,23,1
H10_C40_F23_s03_w2.TIF,40,23,2
H10_C40_F23_s04_w1.TIF,40,23,1
H10_C40_F23_s04_w2.TIF,40,23,2
H10_C40_F23_s05_w1.TIF,40,23,1
H10_C40_F23_s05_w2.TIF,40,23,2
H10_C40_F23_s06_w1.TIF,40,23,1
H10_C40_F23_s06_w2.TIF,40,23,2
H10_C40_F23_s07_w1.TIF,40,23,1
H10_C40_F23_s08_w2.TIF,40,23,2
H10_C40_F23_s09_w1.TIF,40,23,1
H10_C40_F23_s09_w2.TIF,40,23,2
H10_C40_F23_s10_w1.TIF,40,23,1
H10_C40_F23_s10_w2.TIF,40,23,2
H10_C40_F23_s11_w1.TIF,40,23,1
H10_C40_F23_s11_w2.TIF,40,23,2
H10_C40_F23_s12_w1.TIF,40,23,1
H10_C40_F23_s12_w2.TIF,40,23,2
H10_C40_F23_s13_w1.TIF,40,23,1
H10_C40_F23_s13_w2.TIF,40,23,2
H10_C40_F23_s16_w1.TIF,40,23,1
H10_C40_F23_s17_w1.TIF,40,23,1
H10_C40_F23_s17_w2.TIF,40,23,2
H10_C40_F23_s18_w1.TIF,40,23,1
H10_C40_F23_s19_w2.TIF,40,23,2
H10_C40_F23_s20_w1.TIF,40,23,1
H10_C40_F23_s21_w2.TIF,40,23,2
H10_C40_F23_s22_w1.TIF,40,23,1
H10_C40_F23_s23_w1.TIF,40,23,1
H10_C40_F23_s24_w1.TIF,40,23,1
H10_C40_F23_s25_w2.TIF,40,23,2
H11_C44_F23_s01_w1.TIF,44,23,1
H11_C44_F23_s01_w2.TIF,44,23,2
H11_C44_F23_s03_w1.TIF,44,23,1
H11_C44_F23_s03_w2.TIF,44,23,2
H11_C44_F23_s04_w1.TIF,44,23,1
H11_C44_F23_s05_w1.TIF,44,23,1
H11_C44_F23_s05_w2.TIF,44,23,2
H11_C44_F23_s06_w2.TIF,44,23,2
H11_C44_F23_s09_w1.TIF,44,23,1
H11_C44_F23_s10_w2.TIF,44,23,2
H11_C44_F23_s11_w1.TIF,44,23,1
H11_C44_F23_s11_w2.TIF,44,23,2
H11_C44_F23_s12_w1.TIF,44,23,1
H11_C44_F23_s13_w2.TIF,44,23,2
H11_C44_F23_s15_w1.TIF,44,23,1
H11_C44_F23_s15_w2.TIF,44,23,2
H11_C44_F23_s16_w2.TIF,44,23,2
H11_C44_F23_s17_w1.TIF,44,23,1
H11_C44_F23_s17_w2.TIF,44,23,2
H11_C44_F23_s18_w1.TIF,44,23,1
H11_C44_F23_s18_w2.TIF,44,23,2
H11_C44_F23_s19_w2.TIF,44,23,2
H11_C44_F23_s20_w2.TIF,44,23,2
H11_C44_F23_s21_w1.TIF,44,23,1
H11_C44_F23_s21_w2.TIF,44,23,2
H11_C44_F23_s22_w1.TIF,44,23,1
H11_C44_F23_s22_w2.TIF,44,23,2
H11_C44_F23_s23_w1.TIF,44,23,1
H11_C44_F23_s23_w2.TIF,44,23,2
H11_C44_F23_s24_w1.TIF,44,23,1
H11_C44_F23_s25_w2.TIF,44,23,2
H12_C48_F23_s01_w1.TIF,48,23,1
H12_C48_F23_s03_w1.TIF,48,23,1
H12_C48_F23_s03_w2.TIF,48,23,2
H12_C48_F23_s04_w1.TIF,48,23,1
H12_C48_F23_s05_w1.TIF,48,23,1
H12_C48_F23_s06_w1.TIF,48,23,1
H12_C48_F23_s06_w2.TIF,48,23,2
H12_C48_F23_s07_w2.TIF,48,23,2
H12_C48_F23_s08_w1.TIF,48,23,1
H12_C48_F23_s09_w1.TIF,48,23,1
H12_C48_F23_s09_w2.TIF,48,23,2
H12_C48_F23_s10_w1.TIF,48,23,1
H12_C48_F23_s11_w1.TIF,48,23,1
H12_C48_F23_s12_w1.TIF,48,23,1
H12_C48_F23_s12_w2.TIF,48,23,2
H12_C48_F23_s13_w1.TIF,48,23,1
H12_C48_F23_s13_w2.TIF,48,23,2
H12_C48_F23_s14_w1.TIF,48,23,1
H12_C48_F23_s14_w2.TIF,48,23,2
H12_C48_F23_s15_w2.TIF,48,23,2
H12_C48_F23_s16_w1.TIF,48,23,1
H12_C48_F23_s17_w2.TIF,48,23,2
H12_C48_F23_s18_w1.TIF,48,23,1
H12_C48_F23_s19_w1.TIF,48,23,1
H12_C48_F23_s19_w2.TIF,48,23,2
H12_C48_F23_s20_w1.TIF,48,23,1
H12_C48_F23_s20_w2.TIF,48,23,2
H12_C48_F23_s21_w2.TIF,48,23,2
H12_C48_F23_s22_w1.TIF,48,23,1
H12_C48_F23_s22_w2.TIF,48,23,2
H12_C48_F23_s24_w1.TIF,48,23,1
H12_C48_F23_s24_w2.TIF,48,23,2
H12_C48_F23_s25_w1.TIF,48,23,1
H12_C48_F23_s25_w2.TIF,48,23,2
H13_C53_F23_s02_w2.TIF,53,23,2
H13_C53_F23_s03_w1.TIF,53,23,1
H13_C53_F23_s03_w2.TIF,53,23,2
H13_C53_F23_s04_w1.TIF,53,23,1
H13_C53_F23_s05_w1.TIF,53,23,1
H13_C53_F23_s05_w2.TIF,53,23,2
H13_C53_F23_s06_w1.TIF,53,23,1
H13_C53_F23_s07_w1.TIF,53,23,1
H13_C53_F23_s07_w2.TIF,53,23,2
H13_C53_F23_s08_w1.TIF,53,23,1
H13_C53_F23_s08_w2.TIF,53,23,2
H13_C53_F23_s09_w1.TIF,53,23,1
H13_C53_F23_s10_w1.TIF,53,23,1
H13_C53_F23_s10_w2.TIF,53,23,2
H13_C53_F23_s11_w1.TIF,53,23,1
H13_C53_F23_s11_w2.TIF,53,23,2
H13_C53_F23_s12_w1.TIF,53,23,1
H13_C53_F23_s12_w2.TIF,53,23,2
H13_C53_F23_s13_w2.TIF,53,23,2
H13_C53_F23_s14_w1.TIF,53,23,1
H13_C53_F23_s15_w2.TIF,53,23,2
H13_C53_F23_s16_w2.TIF,53,23,2
H13_C53_F23_s17_w2.TIF,53,23,2
H13_C53_F23_s18_w1.TIF,53,23,1
H13_C53_F23_s18_w2.TIF,53,23,2
H13_C53_F23_s19_w2.TIF,53,23,2
H13_C53_F23_s20_w2.TIF,53,23,2
H13_C53_F23_s21_w1.TIF,53,23,1
H13_C53_F23_s21_w2.TIF,53,23,2
H13_C53_F23_s22_w1.TIF,53,23,1
H13_C53_F23_s22_w2.TIF,53,23,2
H13_C53_F23_s23_w1.TIF,53,23,1
H13_C53_F23_s25_w1.TIF,53,23,1
H14_C57_F23_s01_w1.TIF,57,23,1
H14_C57_F23_s02_w1.TIF,57,23,1
H14_C57_F23_s02_w2.TIF,57,23,2
H14_C57_F23_s03_w1.TIF,57,23,1
H14_C57_F23_s04_w1.TIF,57,23,1
H14_C57_F23_s05_w1.TIF,57,23,1
H14_C57_F23_s05_w2.TIF,57,23,2
H14_C57_F23_s06_w1.TIF,57,23,1
H14_C57_F23_s06_w2.TIF,57,23,2
H14_C57_F23_s07_w1.TIF,57,23,1
H14_C57_F23_s07_w2.TIF,57,23,2
H14_C57_F23_s09_w1.TIF,57,23,1
H14_C57_F23_s10_w1.TIF,57,23,1
H14_C57_F23_s10_w2.TIF,57,23,2
H14_C57_F23_s11_w1.TIF,57,23,1
H14_C57_F23_s12_w2.TIF,57,23,2
H14_C57_F23_s13_w2.TIF,57,23,2
H14_C57_F23_s14_w2.TIF,57,23,2
H14_C57_F23_s15_w2.TIF,57,23,2
H14_C57_F23_s16_w1.TIF,57,23,1
H14_C57_F23_s16_w2.TIF,57,23,2
H14_C57_F23_s17_w1.TIF,57,23,1
H14_C57_F23_s17_w2.TIF,57,23,2
H14_C57_F23_s19_w1.TIF,57,23,1
H14_C57_F23_s20_w1.TIF,57,23,1
H14_C57_F23_s20_w2.TIF,57,23,2
H14_C57_F23_s21_w1.TIF,57,23,1
H14_C57_F23_s22_w1.TIF,57,23,1
H14_C57_F23_s22_w2.TIF,57,23,2
H14_C57_F23_s23_w1.TIF,57,23,1
H14_C57_F23_s23_w2.TIF,57,23,2
H14_C57_F23_s24_w2.TIF,57,23,2
H14_C57_F23_s25_w1.TIF,57,23,1
H14_C57_F23_s25_w2.TIF,57,23,2
H15_C61_F23_s01_w1.TIF,61,23,1
H15_C61_F23_s01_w2.TIF,61,23,2
H15_C61_F23_s02_w1.TIF,61,23,1
H15_C61_F23_s03_w1.TIF,61,23,1
H15_C61_F23_s06_w1.TIF,61,23,1
H15_C61_F23_s07_w1.TIF,61,23,1
H15_C61_F23_s07_w2.TIF,61,23,2
H15_C61_F23_s08_w2.TIF,61,23,2
H15_C61_F23_s09_w1.TIF,61,23,1
H15_C61_F23_s09_w2.TIF,61,23,2
H15_C61_F23_s10_w2.TIF,61,23,2
H15_C61_F23_s11_w1.TIF,61,23,1
H15_C61_F23_s11_w2.TIF,61,23,2
H15_C61_F23_s12_w2.TIF,61,23,2
H15_C61_F23_s14_w1.TIF,61,23,1
H15_C61_F23_s14_w2.TIF,61,23,2
H15_C61_F23_s15_w1.TIF,61,23,1
H15_C61_F23_s15_w2.TIF,61,23,2
H15_C61_F23_s16_w1.TIF,61,23,1
H15_C61_F23_s16_w2.TIF,61,23,2
H15_C61_F23_s17_w2.TIF,61,23,2
H15_C61_F23_s18_w1.TIF,61,23,1
H15_C61_F23_s19_w1.TIF,61,23,1
H15_C61_F23_s20_w1.TIF,61,23,1
H15_C61_F23_s20_w2.TIF,61,23,2
H15_C61_F23_s21_w2.TIF,61,23,2
H15_C61_F23_s22_w2.TIF,61,23,2
H15_C61_F23_s23_w1.TIF,61,23,1
H15_C61_F23_s23_w2.TIF,61,23,2
H15_C61_F23_s24_w1.TIF,61,23,1
H15_C61_F23_s24_w2.TIF,61,23,2
H15_C61_F23_s25_w1.TIF,61,23,1
H16_C66_F23_s01_w1.TIF,66,23,1
H16_C66_F23_s01_w2.TIF,66,23,2
H16_C66_F23_s02_w2.TIF,66,23,2
H16_C66_F23_s03_w2.TIF,66,23,2
H16_C66_F23_s04_w1.TIF,66,23,1
H16_C66_F23_s05_w2.TIF,66,23,2
H16_C66_F23_s06_w2.TIF,66,23,2
H16_C66_F23_s07_w1.TIF,66,23,1
H16_C66_F23_s07_w2.TIF,66,23,2
H16_C66_F23_s09_w2.TIF,66,23,2
H16_C66_F23_s10_w2.TIF,66,23,2
H16_C66_F23_s11_w1.TIF,66,23,1
H16_C66_F23_s12_w1.TIF,66,23,1
H16_C66_F23_s13_w1.TIF,66,23,1
H16_C66_F23_s14_w2.TIF,66,23,2
H16_C66_F23_s15_w1.TIF,66,23,1
H16_C66_F23_s15_w2.TIF,66,23,2
H16_C66_F23_s16_w1.TIF,66,23,1
H16_C66_F23_s16_w2.TIF,66,23,2
H16_C66_F23_s18_w2.TIF,66,23,2
H16_C66_F23_s19_w1.TIF,66,23,1
H16_C66_F23_s19_w2.TIF,66,23,2
H16_C66_F23_s20_w2.TIF,66,23,2
H16_C66_F23_s21_w1.TIF,66,23,1
H16_C66_F23_s22_w1.TIF,66,23,1
H16_C66_F23_s22_w2.TIF,66,23,2
H16_C66_F23_s23_w1.TIF,66,23,1
H16_C66_F23_s23_w2.TIF,66,23,2
H16_C66_F23_s24_w1.TIF,66,23,1
H16_C66_F23_s24_w2.TIF,66,23,2
H16_C66_F23_s25_w1.TIF,66,23,1
H16_C66_F23_s25_w2.TIF,66,23,2
H17_C70_F23_s02_w1.TIF,70,23,1
H17_C70_F23_s02_w2.TIF,70,23,2
H17_C70_F23_s03_w2.TIF,70,23,2
H17_C70_F23_s04_w1.TIF,70,23,1
H17_C70_F23_s04_w2.TIF,70,23,2
H17_C70_F23_s06_w2.TIF,70,23,2
H17_C70_F23_s07_w1.TIF,70,23,1
H17_C70_F23_s07_w2.TIF,70,23,2
H17_C70_F23_s08_w1.TIF,70,23,1
H17_C70_F23_s09_w1.TIF,70,23,1
H17_C70_F23_s09_w2.TIF,70,23,2
H17_C70_F23_s10_w1.TIF,70,23,1
H17_C70_F23_s10_w2.TIF,70,23,2
H17_C70_F23_s11_w1.TIF,70,23,1
H17_C70_F23_s11_w2.TIF,70,23,2
H17_C70_F23_s12_w1.TIF,70,23,1
H17_C70_F23_s12_w2.TIF,70,23,2
H17_C70_F23_s13_w2.TIF,70,23,2
H17_C70_F23_s14_w2.TIF,70,23,2
H17_C70_F23_s15_w1.TIF,70,23,1
H17_C70_F23_s15_w2.TIF,70,23,2
H17_C70_F23_s17_w1.TIF,70,23,1
H17_C70_F23_s17_w2.TIF,70,23,2
H17_C70_F23_s18_w1.TIF,70,23,1
H17_C70_F23_s19_w2.TIF,70,23,2
H17_C70_F23_s21_w1.TIF,70,23,1
H17_C70_F23_s21_w2.TIF,70,23,2
H17_C70_F23_s22_w1.TIF,70,23,1
H17_C70_F23_s23_w1.TIF,70,23,1
H17_C70_F23_s23_w2.TIF,70,23,2
H17_C70_F23_s24_w1.TIF,70,23,1
H17_C70_F23_s24_w2.TIF,70,23,2
H17_C70_F23_s25_w1.TIF,70,23,1
H18_C74_F23_s01_w2.TIF,74,23,2
H18_C74_F23_s02_w1.TIF,74,23,1
H18_C74_F23_s03_w1.TIF,74,23,1
H18_C74_F23_s04_w1.TIF,74,23,1
H18_C74_F23_s04_w2.TIF,74,23,2
H18_C74_F23_s05_w2.TIF,74,23,2
H18_C74_F23_s06_w2.TIF,74,23,2
H18_C74_F23_s07_w1.TIF,74,23,1
H18_C74_F23_s07_w2.TIF,74,23,2
H18_C74_F23_s08_w1.TIF,74,23,1
H18_C74_F23_s08_w2.TIF,74,23,2
H18_C74_F23_s09_w1.TIF,74,23,1
H18_C74_F23_s09_w2.TIF,74,23,2
H18_C74_F23_s10_w1.TIF,74,23,1
H18_C74_F23_s10_w2.TIF,74,23,2
H18_C74_F23_s11_w1.TIF,74,23,1
H18_C74_F23_s12_w1.TIF,74,23,1
H18_C74_F23_s12_w2.TIF,74,23,2
H18_C74_F23_s13_w1.TIF,74,23,1
H18_C74_F23_s13_w2.TIF,74,23,2
H18_C74_F23_s14_w2.TIF,74,23,2
H18_C74_F23_s15_w1.TIF,74,23,1
H18_C74_F23_s16_w1.TIF,74,23,1
H18_C74_F23_s16_w2.TIF,74,23,2
H18_C74_F23_s17_w1.TIF,74,23,1
H18_C74_F23_s18_w2.TIF,74,23,2
H18_C74_F23_s19_w1.TIF,74,23,1
H18_C74_F23_s20_w1.TIF,74,23,1
H18_C74_F23_s20_w2.TIF,74,23,2
H18_C74_F23_s21_w1.TIF,74,23,1
H18_C74_F23_s22_w2.TIF,74,23,2
H18_C74_F23_s23_w1.TIF,74,23,1
H18_C74_F23_s24_w1.TIF,74,23,1
H18_C74_F23_s25_w1.TIF,74,23,1
H18_C74_F23_s25_w2.TIF,74,23,2
H19_C78_F23_s01_w1.TIF,78,23,1
H19_C78_F23_s01_w2.TIF,78,23,2
H19_C78_F23_s02_w1.TIF,78,23,1
H19_C78_F23_s02_w2.TIF,78,23,2
H19_C78_F23_s03_w2.TIF,78,23,2
H19_C78_F23_s04_w1.TIF,78,23,1
H19_C78_F23_s04_w2.TIF,78,23,2
H19_C78_F23_s05_w2.TIF,78,23,2
H19_C78_F23_s06_w2.TIF,78,23,2
H19_C78_F23_s07_w1.TIF,78,23,1
H19_C78_F23_s07_w2.TIF,78,23,2
H19_C78_F23_s08_w2.TIF,78,23,2
H19_C78_F23_s09_w1.TIF,78,23,1
H19_C78_F23_s09_w2.TIF,78,23,2
H19_C78_F23_s10_w1.TIF,78,23,1
H19_C78_F23_s10_w2.TIF,78,23,2
H19_C78_F23_s11_w1.TIF,78,23,1
H19_C78_F23_s11_w2.TIF,78,23,2
H19_C78_F23_s12_w1.TIF,78,23,1
H19_C78_F23_s13_w2.TIF,78,23,2
H19_C78_F23_s14_w1.TIF,78,23,1
H19_C78_F23_s15_w1.TIF,78,23,1
H19_C78_F23_s15_w2.TIF,78,23,2
H19_C78_F23_s16_w2.TIF,78,23,2
H19_C78_F23_s17_w1.TIF,78,23,1
H19_C78_F23_s17_w2.TIF,78,23,2
H19_C78_F23_s18_w1.TIF,78,23,1
H19_C78_F23_s18_w2.TIF,78,23,2
H19_C78_F23_s19_w1.TIF,78,23,1
H19_C78_F23_s20_w2.TIF,78,23,2
H19_C78_F23_s21_w1.TIF,78,23,1
H19_C78_F23_s22_w1.TIF,78,23,1
H19_C78_F23_s23_w2.TIF,78,23,2
H19_C78_F23_s24_w1.TIF,78,23,1
H19_C78_F23_s25_w2.TIF,78,23,2
H20_C83_F23_s01_w1.TIF,83,23,1
H20_C83_F23_s01_w2.TIF,83,23,2
H20_C83_F23_s02_w1.TIF,83,23,1
H20_C83_F23_s02_w2.TIF,83,23,2
H20_C83_F23_s03_w1.TIF,83,23,1
H20_C83_F23_s03_w2.TIF,83,23,2
H20_C83_F23_s04_w1.TIF,83,23,1
H20_C83_F23_s05_w1.TIF,83,23,1
H20_C83_F23_s05_w2.TIF,83,23,2
H20_C83_F23_s06_w1.TIF,83,23,1
H20_C83_F23_s06_w2.TIF,83,23,2
H20_C83_F23_s09_w1.TIF,83,23,1
H20_C83_F23_s10_w1.TIF,83,23,1
H20_C83_F23_s10_w2.TIF,83,23,2
H20_C83_F23_s11_w2.TIF,83,23,2
H20_C83_F23_s12_w1.TIF,83,23,1
H20_C83_F23_s12_w2.TIF,83,23,2
H20_C83_F23_s13_w1.TIF,83,23,1
H20_C83_F23_s13_w2.TIF,83,23,2
H20_C83_F23_s14_w1.TIF,83,23,1
H20_C83_F23_s15_w2.TIF,83,23,2
H20_C83_F23_s16_w1.TIF,83,23,1
H20_C83_F23_s16_w2.TIF,83,23,2
H20_C83_F23_s17_w1.TIF,83,23,1
H20_C83_F23_s18_w1.TIF,83,23,1
H20_C83_F23_s18_w2.TIF,83,23,2
H20_C83_F23_s19_w2.TIF,83,23,2
H20_C83_F23_s20_w1.TIF,83,23,1
H20_C83_F23_s21_w2.TIF,83,23,2
H20_C83_F23_s22_w1.TIF,83,23,1
H20_C83_F23_s23_w1.TIF,83,23,1
H20_C83_F23_s24_w2.TIF,83,23,2
H21_C87_F23_s01_w1.TIF,87,23,1
H21_C87_F23_s02_w1.TIF,87,23,1
H21_C87_F23_s02_w2.TIF,87,23,2
H21_C87_F23_s03_w1.TIF,87,23,1
H21_C87_F23_s03_w2.TIF,87,23,2
H21_C87_F23_s04_w1.TIF,87,23,1
H21_C87_F23_s04_w2.TIF,87,23,2
H21_C87_F23_s05_w1.TIF,87,23,1
H21_C87_F23_s06_w2.TIF,87,23,2
H21_C87_F23_s07_w1.TIF,87,23,1
H21_C87_F23_s07_w2.TIF,87,23,2
H21_C87_F23_s08_w1.TIF,87,23,1
H21_C87_F23_s09_w2.TIF,87,23,2
H21_C87_F23_s10_w1.TIF,87,23,1
H21_C87_F23_s11_w1.TIF,87,23,1
H21_C87_F23_s11_w2.TIF,87,23,2
H21_C87_F23_s13_w1.TIF,87,23,1
H21_C87_F23_s13_w2.TIF,87,23,2
H21_C87_F23_s14_w1.TIF,87,23,1
H21_C87_F23_s15_w1.TIF,87,23,1
H21_C87_F23_s16_w2.TIF,87,23,2
H21_C87_F23_s17_w2.TIF,87,23,2
H21_C87_F23_s18_w1.TIF,87,23,1
H21_C87_F23_s18_w2.TIF,87,23,2
H21_C87_F23_s19_w1.TIF,87,23,1
H21_C87_F23_s19_w2.TIF,87,23,2
H21_C87_F23_s21_w1.TIF,87,23,1
H21_C87_F23_s22_w1.TIF,87,23,1
H21_C87_F23_s22_w2.TIF,87,23,2
H21_C87_F23_s23_w1.TIF,87,23,1
H21_C87_F23_s24_w2.TIF,87,23,2
H21_C87_F23_s25_w1.TIF,87,23,1
H21_C87_F23_s25_w2.TIF,87,23,2
H22_C91_F23_s01_w1.TIF,91,23,1
H22_C91_F23_s01_w2.TIF,91,23,2
H22_C91_F23_s02_w1.TIF,91,23,1
H22_C91_F23_s02_w2.TIF,91,23,2
H22_C91_F23_s03_w1.TIF,91,23,1
H22_C91_F23_s03_w2.TIF,91,23,2
H22_C91_F23_s04_w1.TIF,91,23,1
H22_C91_F23_s05_w1.TIF,91,23,1
H22_C91_F23_s06_w1.TIF,91,23,1
H22_C91_F23_s06_w2.TIF,91,23,2
H22_C91_F23_s07_w2.TIF,91,23,2
H22_C91_F23_s08_w1.TIF,91,23,1
H22_C91_F23_s10_w1.TIF,91,23,1
H22_C91_F23_s11_w1.TIF,91,23,1
H22_C91_F23_s11_w2.TIF,91,23,2
H22_C91_F23_s12_w2.TIF,91,23,2
H22_C91_F23_s13_w1.TIF,91,23,1
H22_C91_F23_s13_w2.TIF,91,23,2
H22_C91_F23_s14_w2.TIF,91,23,2
H22_C91_F23_s15_w2.TIF,91,23,2
H22_C91_F23_s16_w1.TIF,91,23,1
H22_C91_F23_s16_w2.TIF,91,23,2
H22_C91_F23_s17_w1.TIF,91,23,1
H22_C91_F23_s17_w2.TIF,91,23,2
H22_C91_F23_s18_w1.TIF,91,23,1
H22_C91_F23_s20_w2.TIF,91,23,2
H22_C91_F23_s22_w1.TIF,91,23,1
H22_C91_F23_s23_w2.TIF,91,23,2
H22_C91_F23_s24_w1.TIF,91,23,1
H22_C91_F23_s24_w2.TIF,91,23,2
H22_C91_F23_s25_w1.TIF,91,23,1
H23_C96_F23_s01_w1.TIF,96,23,1
H23_C96_F23_s02_w1.TIF,96,23,1
H23_C96_F23_s02_w2.TIF,96,23,2
H23_C96_F23_s03_w1.TIF,96,23,1
H23_C96_F23_s03_w2.TIF,96,23,2
H23_C96_F23_s04_w1.TIF,96,23,1
H23_C96_F23_s04_w2.TIF,96,23,2
H23_C96_F23_s05_w2.TIF,96,23,2
H23_C96_F23_s06_w1.TIF,96,23,1
H23_C96_F23_s07_w1.TIF,96,23,1
H23_C96_F23_s07_w2.TIF,96,23,2
H23_C96_F23_s08_w1.TIF,96,23,1
H23_C96_F23_s09_w1.TIF,96,23,1
H23_C96_F23_s09_w2.TIF,96,23,2
H23_C96_F23_s10_w1.TIF,96,23,1
H23_C96_F23_s10_w2.TIF,96,23,2
H23_C96_F23_s11_w1.TIF,96,23,1
H23_C96_F23_s11_w2.TIF,96,23,2
H23_C96_F23_s12_w1.TIF,96,23,1
H23_C96_F23_s12_w2.TIF,96,23,2
H23_C96_F23_s13_w1.TIF,96,23,1
H23_C96_F23_s14_w1.TIF,96,23,1
H23_C96_F23_s14_w2.TIF,96,23,2
H23_C96_F23_s15_w1.TIF,96,23,1
H23_C96_F23_s16_w1.TIF,96,23,1
H23_C96_F23_s16_w2.TIF,96,23,2
H23_C96_F23_s17_w1.TIF,96,23,1
H23_C96_F23_s18_w2.TIF,96,23,2
H23_C96_F23_s19_w1.TIF,96,23,1
H23_C96_F23_s19_w2.TIF,96,23,2
H23_C96_F23_s20_w2.TIF,96,23,2
H23_C96_F23_s21_w2.TIF,96,23,2
H23_C96_F23_s22_w1.TIF,96,23,1
H23_C96_F23_s22_w2.TIF,96,23,2
H23_C96_F23_s24_w2.TIF,96,23,2
H23_C96_F23_s25_w1.TIF,96,23,1
H24_C100_F23_s01_w1.TIF,100,23,1
H24_C100_F23_s01_w2.TIF,100,23,2
H24_C100_F23_s02_w1.TIF,100,23,1
H24_C100_F23_s02_w2.TIF,100,23,2
H24_C100_F23_s03_w2.TIF,100,23,2
H24_C100_F23_s05_w1.TIF,100,23,1
H24_C100_F23_s06_w1.TIF,100,23,1
H24_C100_F23_s06_w2.TIF,100,23,2
H24_C100_F23_s07_w1.TIF,100,23,1
H24_C100_F23_s07_w2.TIF,100,23,2
H24_C100_F23_s08_w1.TIF,100,23,1
H24_C100_F23_s09_w1.TIF,100,23,1
H24_C100_F23_s09_w2.TIF,100,23,2
H24_C100_F23_s10_w1.TIF,100,23,1
H24_C100_F23_s11_w1.TIF,100,23,1
H24_C100_F23_s11_w2.TIF,100,23,2
H24_C100_F23_s12_w1.TIF,100,23,1
H24_C100_F23_s13_w2.TIF,100,23,2
H24_C100_F23_s14_w1.TIF,100,23,1
H24_C100_F23_s14_w2.TIF,100,23,2
H24_C100_F23_s15_w1.TIF,100,23,1
H24_C100_F23_s15_w2.TIF,100,23,2
H24_C100_F23_s16_w1.TIF,100,23,1
H24_C100_F23_s17_w2.TIF,100,23,2
H24_C100_F23_s18_w2.TIF,100,23,2
H24_C100_F23_s19_w1.TIF,100,23,1
H24_C100_F23_s20_w2.TIF,100,23,2
H24_C100_F23_s21_w2.TIF,100,23,2
H24_C100_F23_s22_w1.TIF,100,23,1
H24_C100_F23_s22_w2.TIF,100,23,2
H24_C100_F23_s23_w1.TIF,100,23,1
H24_C100_F23_s24_w2.TIF,100,23,2
P01_C1_F48_s01_w1.TIF,1,48,1
P01_C1_F48_s01_w2.TIF,1,48,2
P01_C1_F48_s02_w1.TIF,1,48,1
P01_C1_F48_s03_w2.TIF,1,48,2
P01_C1_F48_s04_w2.TIF,1,48,2
P01_C1_F48_s05_w2.TIF,1,48,2
P01_C1_F48_s06_w1.TIF,1,48,1
P01_C1_F48_s06_w2.TIF,1,48,2
P01_C1_F48_s07_w1.TIF,1,48,1
P01_C1_F48_s07_w2.TIF,1,48,2
P01_C1_F48_s08_w1.TIF,1,48,1
P01_C1_F48_s08_w2.TIF,1,48,2
P01_C1_F48_s10_w1.TIF,1,48,1
P01_C1_F48_s10_w2.TIF,1,48,2
P01_C1_F48_s11_w2.TIF,1,48,2
P01_C1_F48_s12_w2.TIF,1,48,2
P01_C1_F48_s13_w1.TIF,1,48,1
P01_C1_F48_s13_w2.TIF,1,48,2
P01_C1_F48_s14_w1.TIF,1,48,1
P01_C1_F48_s14_w2.TIF,1,48,2
P01_C1_F48_s16_w1.TIF,1,48,1
P01_C1_F48_s16_w2.TIF,1,48,2
P01_C1_F48_s17_w1.TIF,1,48,1
P01_C1_F48_s17_w2.TIF,1,48,2
P01_C1_F48_s18_w1.TIF,1,48,1
P01_C1_F48_s19_w1.TIF,1,48,1
P01_C1_F48_s22_w1.TIF,1,48,1
P01_C1_F48_s22_w2.TIF,1,48,2
P01_C1_F48_s23_w1.TIF,1,48,1
P01_C1_F48_s23_w2.TIF,1,48,2
P01_C1_F48_s24_w1.TIF,1,48,1
P01_C1_F48_s24_w2.TIF,1,48,2
P01_C1_F48_s25_w1.TIF,1,48,1
P02_C5_F48_s02_w2.TIF,5,48,2
P02_C5_F48_s03_w1.TIF,5,48,1
P02_C5_F48_s03_w2.TIF,5,48,2
P02_C5_F48_s04_w1.TIF,5,48,1
P02_C5_F48_s06_w1.TIF,5,48,1
P02_C5_F48_s06_w2.TIF,5,48,2
P02_C5_F48_s07_w1.TIF,5,48,1
P02_C5_F48_s08_w1.TIF,5,48,1
P02_C5_F48_s09_w1.TIF,5,48,1
P02_C5_F48_s09_w2.TIF,5,48,2
P02_C5_F48_s10_w2.TIF,5,48,2
P02_C5_F48_s11_w1.TIF,5,48,1
P02_C5_F48_s11_w2.TIF,5,48,2
P02_C5_F48_s12_w1.TIF,5,48,1
P02_C5_F48_s12_w2.TIF,5,48,2
P02_C5_F48_s13_w1.TIF,5,48,1
P02_C5_F48_s13_w2.TIF,5,48,2
P02_C5_F48_s14_w2.TIF,5,48,2
P02_C5_F48_s15_w1.TIF,5,48,1
P02_C5_F48_s16_w1.TIF,5,48,1
P02_C5_F48_s17_w1.TIF,5,48,1
P02_C5_F48_s18_w1.TIF,5,48,1
P02_C5_F48_s18_w2.TIF,5,48,2
P02_C5_F48_s19_w1.TIF,5,48,1
P02_C5_F48_s19_w2.TIF,5,48,2
P02_C5_F48_s20_w2.TIF,5,48,2
P02_C5_F48_s21_w2.TIF,5,48,2
P02_C5_F48_s22_w2.TIF,5,48,2
P02_C5_F48_s24_w1.TIF,5,48,1
P02_C5_F48_s25_w2.TIF,5,48,2
P03_C10_F48_s01_w1.TIF,10,48,1
P03_C10_F48_s01_w2.TIF,10,48,2
P03_C10_F48_s02_w1.TIF,10,48,1
P03_C10_F48_s02_w2.TIF,10,48,2
P03_C10_F48_s04_w1.TIF,10,48,1
P03_C10_F48_s06_w2.TIF,10,48,2
P03_C10_F48_s07_w2.TIF,10,48,2
P03_C10_F48_s09_w1.TIF,10,48,1
P03_C10_F48_s10_w1.TIF,10,48,1
P03_C10_F48_s11_w1.TIF,10,48,1
P03_C10_F48_s11_w2.TIF,10,48,2
P03_C10_F48_s12_w1.TIF,10,48,1
P03_C10_F48_s12_w2.TIF,10,48,2
P03_C10_F48_s13_w2.TIF,10,48,2
P03_C10_F48_s14_w2.TIF,10,48,2
P03_C10_F48_s16_w2.TIF,10,48,2
P03_C10_F48_s17_w2.TIF,10,48,2
P03_C10_F48_s18_w1.TIF,10,48,1
P03_C10_F48_s20_w1.TIF,10,48,1
P03_C10_F48_s20_w2.TIF,10,48,2
P03_C10_F48_s21_w1.TIF,10,48,1
P03_C10_F48_s21_w2.TIF,10,48,2
P03_C10_F48_s22_w1.TIF,10,48,1
P03_C10_F48_s23_w1.TIF,10,48,1
P03_C10_F48_s23_w2.TIF,10,48,2
P03_C10_F48_s24_w1.TIF,10,48,1
P03_C10_F48_s24_w2.TIF,10,48,2
P03_C10_F48_s25_w1.TIF,10,48,1
P03_C10_F48_s25_w2.TIF,10,48,2
P04_C14_F48_s01_w2.TIF,14,48,2
P04_C14_F48_s03_w1.TIF,14,48,1
P04_C14_F48_s04_w1.TIF,14,48,1
P04_C14_F48_s04_w2.TIF,14,48,2
P04_C14_F48_s05_w1.TIF,14,48,1
P04_C14_F48_s05_w2.TIF,14,48,2
P04_C14_F48_s06_w1.TIF,14,48,1
P04_C14_F48_s06_w2.TIF,14,48,2
P04_C14_F48_s07_w2.TIF,14,48,2
P04_C14_F48_s08_w1.TIF,14,48,1
P04_C14_F48_s09_w1.TIF,14,48,1
P04_C14_F48_s09_w2.TIF,14,48,2
P04_C14_F48_s10_w1.TIF,14,48,1
P04_C14_F48_s11_w1.TIF,14,48,1
P04_C14_F48_s13_w1.TIF,14,48,1
P04_C14_F48_s14_w2.TIF,14,48,2
P04_C14_F48_s16_w1.TIF,14,48,1
P04_C14_F48_s16_w2.TIF,14,48,2
P04_C14_F48_s17_w1.TIF,14,48,1
P04_C14_F48_s17_w2.TIF,14,48,2
P04_C14_F48_s18_w1.TIF,14,48,1
P04_C14_F48_s18_w2.TIF,14,48,2
P04_C14_F48_s19_w1.TIF,14,48,1
P04_C14_F48_s19_w2.TIF,14,48,2
P04_C14_F48_s20_w2.TIF,14,48,2
P04_C14_F48_s21_w2.TIF,14,48,2
P04_C14_F48_s23_w1.TIF,14,48,1
P04_C14_F48_s23_w2.TIF,14,48,2
P04_C14_F48_s24_w1.TIF,14,48,1
P04_C14_F48_s24_w2.TIF,14,48,2
P04_C14_F48_s25_w1.TIF,14,48,1
P05_C18_F48_s01_w1.TIF,18,48,1
P05_C18_F48_s01_w2.TIF,18,48,2
P05_C18_F48_s02_w1.TIF,18,48,1
P05_C18_F48_s02_w2.TIF,18,48,2
P05_C18_F48_s03_w1.TIF,18,48,1
P05_C18_F48_s04_w2.TIF,18,48,2
P05_C18_F48_s05_w1.TIF,18,48,1
P05_C18_F48_s05_w2.TIF,18,48,2
P05_C18_F48_s06_w2.TIF,18,48,2
P05_C18_F48_s07_w1.TIF,18,48,1
P05_C18_F48_s07_w2.TIF,18,48,2
P05_C18_F48_s08_w1.TIF,18,48,1
P05_C18_F48_s08_w2.TIF,18,48,2
P05_C18_F48_s09_w1.TIF,18,48,1
P05_C18_F48_s09_w2.TIF,18,48,2
P05_C18_F48_s10_w1.TIF,18,48,1
P05_C18_F48_s11_w1.TIF,18,48,1
P05_C18_F48_s11_w2.TIF,18,48,2
P05_C18_F48_s12_w1.TIF,18,48,1
P05_C18_F48_s12_w2.TIF,18,48,2
P05_C18_F48_s13_w1.TIF,18,48,1
P05_C18_F48_s13_w2.TIF,18,48,2
P05_C18_F48_s14_w1.TIF,18,48,1
P05_C18_F48_s14_w2.TIF,18,48,2
P05_C18_F48_s15_w1.TIF,18,48,1
P05_C18_F48_s15_w2.TIF,18,48,2
P05_C18_F48_s16_w1.TIF,18,48,1
P05_C18_F48_s16_w2.TIF,18,48,2
P05_C18_F48_s17_w1.TIF,18,48,1
P05_C18_F48_s18_w1.TIF,18,48,1
P05_C18_F48_s18_w2.TIF,18,48,2
P05_C18_F48_s19_w2.TIF,18,48,2
P05_C18_F48_s20_w2.TIF,18,48,2
P05_C18_F48_s21_w1.TIF,18,48,1
P05_C18_F48_s22_w1.TIF,18,48,1
P05_C18_F48_s22_w2.TIF,18,48,2
P05_C18_F48_s23_w1.TIF,18,48,1
P05_C18_F48_s23_w2.TIF,18,48,2
P05_C18_F48_s24_w1.TIF,18,48,1
P05_C18_F48_s24_w2.TIF,18,48,2
P05_C18_F48_s25_w1.TIF,18,48,1
P06_C23_F48_s01_w1.TIF,23,48,1
P06_C23_F48_s01_w2.TIF,23,48,2
P06_C23_F48_s02_w1.TIF,23,48,1
P06_C23_F48_s03_w1.TIF,23,48,1
P06_C23_F48_s03_w2.TIF,23,48,2
P06_C23_F48_s04_w1.TIF,23,48,1
P06_C23_F48_s04_w2.TIF,23,48,2
P06_C23_F48_s05_w1.TIF,23,48,1
P06_C23_F48_s06_w1.TIF,23,48,1
P06_C23_F48_s06_w2.TIF,23,48,2
P06_C23_F48_s08_w1.TIF,23,48,1
P06_C23_F48_s08_w2.TIF,23,48,2
P06_C23_F48_s09_w1.TIF,23,48,1
P06_C23_F48_s09_w2.TIF,23,48,2
P06_C23_F48_s11_w1.TIF,23,48,1
P06_C23_F48_s11_w2.TIF,23,48,2
P06_C23_F48_s12_w2.TIF,23,48,2
P06_C23_F48_s13_w2.TIF,23,48,2
P06_C23_F48_s14_w2.TIF,23,48,2
P06_C23_F48_s15_w2.TIF,23,48,2
P06_C23_F48_s17_w1.TIF,23,48,1
P06_C23_F48_s18_w1.TIF,23,48,1
P06_C23_F48_s19_w1.TIF,23,48,1
P06_C23_F48_s19_w2.TIF,23,48,2
P06_C23_F48_s20_w1.TIF,23,48,1
P06_C23_F48_s20_w2.TIF,23,48,2
P06_C23_F48_s21_w1.TIF,23,48,1
P06_C23_F48_s22_w1.TIF,23,48,1
P06_C23_F48_s22_w2.TIF,23,48,2
P06_C23_F48_s23_w1.TIF,23,48,1
P06_C23_F48_s23_w2.TIF,23,48,2
P06_C23_F48_s24_w1.TIF,23,48,1
P06_C23_F48_s24_w2.TIF,23,48,2
P06_C23_F48_s25_w1.TIF,23,48,1
P06_C23_F48_s25_w2.TIF,23,48,2
P07_C27_F48_s01_w1.TIF,27,48,1
P07_C27_F48_s01_w2.TIF,27,48,2
P07_C27_F48_s02_w1.TIF,27,48,1
P07_C27_F48_s03_w1.TIF,27,48,1
P07_C27_F48_s03_w2.TIF,27,48,2
P07_C27_F48_s04_w1.TIF,27,48,1
P07_C27_F48_s04_w2.TIF,27,48,2
P07_C27_F48_s05_w2.TIF,27,48,2
P07_C27_F48_s06_w1.TIF,27,48,1
P07_C27_F48_s06_w2.TIF,27,48,2
P07_C27_F48_s07_w1.TIF,27,48,1
P07_C27_F48_s07_w2.TIF,27,48,2
P07_C27_F48_s08_w1.TIF,27,48,1
P07_C27_F48_s08_w2.TIF,27,48,2
P07_C27_F48_s10_w1.TIF,27,48,1
P07_C27_F48_s11_w1.TIF,27,48,1
P07_C27_F48_s12_w1.TIF,27,48,1
P07_C27_F48_s12_w2.TIF,27,48,2
P07_C27_F48_s13_w1.TIF,27,48,1
P07_C27_F48_s13_w2.TIF,27,48,2
P07_C27_F48_s14_w2.TIF,27,48,2
P07_C27_F48_s15_w1.TIF,27,48,1
P07_C27_F48_s16_w1.TIF,27,48,1
P07_C27_F48_s16_w2.TIF,27,48,2
P07_C27_F48_s17_w1.TIF,27,48,1
P07_C27_F48_s18_w1.TIF,27,48,1
P07_C27_F48_s19_w2.TIF,27,48,2
P07_C27_F48_s20_w1.TIF,27,48,1
P07_C27_F48_s20_w2.TIF,27,48,2
P07_C27_F48_s21_w1.TIF,27,48,1
P07_C27_F48_s21_w2.TIF,27,48,2
P07_C27_F48_s22_w1.TIF,27,48,1
P07_C27_F48_s22_w2.TIF,27,48,2
P07_C27_F48_s25_w2.TIF,27,48,2
P08_C31_F48_s01_w1.TIF,31,48,1
P08_C31_F48_s02_w1.TIF,31,48,1
P08_C31_F48_s02_w2.TIF,31,48,2
P08_C31_F48_s03_w1.TIF,31,48,1
P08_C31_F48_s03_w2.TIF,31,48,2
P08_C31_F48_s04_w1.TIF,31,48,1
P08_C31_F48_s04_w2.TIF,31,48,2
P08_C31_F48_s06_w1.TIF,31,48,1
P08_C31_F48_s06_w2.TIF,31,48,2
P08_C31_F48_s07_w1.TIF,31,48,1
P08_C31_F48_s07_w2.TIF,31,48,2
P08_C31_F48_s08_w1.TIF,31,48,1
P08_C31_F48_s09_w1.TIF,31,48,1
P08_C31_F48_s09_w2.TIF,31,48,2
P08_C31_F48_s10_w1.TIF,31,48,1
P08_C31_F48_s10_w2.TIF,31,48,2
P08_C31_F48_s11_w2.TIF,31,48,2
P08_C31_F48_s12_w2.TIF,31,48,2
P08_C31_F48_s13_w2.TIF,31,48,2
P08_C31_F48_s14_w1.TIF,31,48,1
P08_C31_F48_s14_w2.TIF,31,48,2
P08_C31_F48_s15_w1.TIF,31,48,1
P08_C31_F48_s15_w2.TIF,31,48,2
P08_C31_F48_s16_w1.TIF,31,48,1
P08_C31_F48_s16_w2.TIF,31,48,2
P08_C31_F48_s17_w1.TIF,31,48,1
P08_C31_F48_s18_w2.TIF,31,48,2
P08_C31_F48_s19_w2.TIF,31,48,2
P08_C31_F48_s20_w2.TIF,31,48,2
P08_C31_F48_s21_w2.TIF,31,48,2
P08_C31_F48_s22_w1.TIF,31,48,1
P08_C31_F48_s22_w2.TIF,31,48,2
P08_C31_F48_s23_w2.TIF,31,48,2
P08_C31_F48_s24_w2.TIF,31,48,2
P08_C31_F48_s25_w2.TIF,31,48,2
P09_C35_F48_s01_w1.TIF,35,48,1
P09_C35_F48_s01_w2.TIF,35,48,2
P09_C35_F48_s02_w1.TIF,35,48,1
P09_C35_F48_s03_w1.TIF,35,48,1
P09_C35_F48_s03_w2.TIF,35,48,2
P09_C35_F48_s04_w1.TIF,35,48,1
P09_C35_F48_s04_w2.TIF,35,48,2
P09_C35_F48_s05_w1.TIF,35,48,1
P09_C35_F48_s05_w2.TIF,35,48,2
P09_C35_F48_s06_w1.TIF,35,48,1
P09_C35_F48_s06_w2.TIF,35,48,2
P09_C35_F48_s07_w1.TIF,35,48,1
P09_C35_F48_s07_w2.TIF,35,48,2
P09_C35_F48_s08_w1.TIF,35,48,1
P09_C35_F48_s09_w2.TIF,35,48,2
P09_C35_F48_s10_w1.TIF,35,48,1
P09_C35_F48_s11_w2.TIF,35,48,2
P09_C35_F48_s12_w1.TIF,35,48,1
P09_C35_F48_s12_w2.TIF,35,48,2
P09_C35_F48_s13_w1.TIF,35,48,1
P09_C35_F48_s14_w2.TIF,35,48,2
P09_C35_F48_s15_w1.TIF,35,48,1
P09_C35_F48_s16_w1.TIF,35,48,1
P09_C35_F48_s16_w2.TIF,35,48,2
P09_C35_F48_s17_w2.TIF,35,48,2
P09_C35_F48_s18_w1.TIF,35,48,1
P09_C35_F48_s19_w1.TIF,35,48,1
P09_C35_F48_s20_w2.TIF,35,48,2
P09_C35_F48_s21_w1.TIF,35,48,1
P09_C35_F48_s21_w2.TIF,35,48,2
P09_C35_F48_s22_w1.TIF,35,48,1
P09_C35_F48_s22_w2.TIF,35,48,2
P09_C35_F48_s23_w2.TIF,35,48,2
P09_C35_F48_s24_w2.TIF,35,48,2
P09_C35_F48_s25_w1.TIF,35,48,1
P09_C35_F48_s25_w2.TIF,35,48,2
P10_C40_F48_s01_w1.TIF,40,48,1
P10_C40_F48_s01_w2.TIF,40,48,2
P10_C40_F48_s02_w1.TIF,40,48,1
P10_C40_F48_s02_w2.TIF,40,48,2
P10_C40_F48_s03_w1.TIF,40,48,1
P10_C40_F48_s04_w2.TIF,40,48,2
P10_C40_F48_s05_w2.TIF,40,48,2
P10_C40_F48_s07_w2.TIF,40,48,2
P10_C40_F48_s08_w1.TIF,40,48,1
P10_C40_F48_s08_w2.TIF,40,48,2
P10_C40_F48_s09_w2.TIF,40,48,2
P10_C40_F48_s10_w1.TIF,40,48,1
P10_C40_F48_s12_w1.TIF,40,48,1
P10_C40_F48_s12_w2.TIF,40,48,2
P10_C40_F48_s13_w2.TIF,40,48,2
P10_C40_F48_s15_w1.TIF,40,48,1
P10_C40_F48_s15_w2.TIF,40,48,2
P10_C40_F48_s16_w1.TIF,40,48,1
P10_C40_F48_s16_w2.TIF,40,48,2
P10_C40_F48_s17_w1.TIF,40,48,1
P10_C40_F48_s18_w1.TIF,40,48,1
P10_C40_F48_s18_w2.TIF,40,48,2
P10_C40_F48_s19_w1.TIF,40,48,1
P10_C40_F48_s19_w2.TIF,40,48,2
P10_C40_F48_s20_w1.TIF,40,48,1
P10_C40_F48_s21_w1.TIF,40,48,1
P10_C40_F48_s21_w2.TIF,40,48,2
P10_C40_F48_s22_w1.TIF,40,48,1
P10_C40_F48_s22_w2.TIF,40,48,2
P10_C40_F48_s23_w1.TIF,40,48,1
P10_C40_F48_s23_w2.TIF,40,48,2
P10_C40_F48_s24_w2.TIF,40,48,2
P10_C40_F48_s25_w1.TIF,40,48,1
P11_C44_F48_s01_w2.TIF,44,48,2
P11_C44_F48_s02_w1.TIF,44,48,1
P11_C44_F48_s02_w2.TIF,44,48,2
P11_C44_F48_s03_w1.TIF,44,48,1
P11_C44_F48_s03_w2.TIF,44,48,2
P11_C44_F48_s04_w1.TIF,44,48,1
P11_C44_F48_s04_w2.TIF,44,48,2
P11_C44_F48_s05_w2.TIF,44,48,2
P11_C44_F48_s06_w1.TIF,44,48,1
P11_C44_F48_s07_w1.TIF,44,48,1
P11_C44_F48_s08_w1.TIF,44,48,1
P11_C44_F48_s09_w2.TIF,44,48,2
P11_C44_F48_s10_w1.TIF,44,48,1
P11_C44_F48_s10_w2.TIF,44,48,2
P11_C44_F48_s11_w1.TIF,44,48,1
P11_C44_F48_s12_w1.TIF,44,48,1
P11_C44_F48_s12_w2.TIF,44,48,2
P11_C44_F48_s13_w2.TIF,44,48,2
P11_C44_F48_s14_w1.TIF,44,48,1
P11_C44_F48_s14_w2.TIF,44,48,2
P11_C44_F48_s15_w2.TIF,44,48,2
P11_C44_F48_s16_w1.TIF,44,48,1
P11_C44_F48_s17_w1.TIF,44,48,1
P11_C44_F48_s17_w2.TIF,44,48,2
P11_C44_F48_s18_w2.TIF,44,48,2
P11_C44_F48_s19_w1.TIF,44,48,1
P11_C44_F48_s21_w2.TIF,44,48,2
P11_C44_F48_s22_w2.TIF,44,48,2
P11_C44_F48_s23_w1.TIF,44,48,1
P11_C44_F48_s25_w1.TIF,44,48,1
P12_C48_F48_s01_w1.TIF,48,48,1
P12_C48_F48_s02_w1.TIF,48,48,1
P12_C48_F48_s03_w2.TIF,48,48,2
P12_C48_F48_s04_w1.TIF,48,48,1
P12_C48_F48_s05_w1.TIF,48,48,1
P12_C48_F48_s05_w2.TIF,48,48,2
P12_C48_F48_s06_w1.TIF,48,48,1
P12_C48_F48_s06_w2.TIF,48,48,2
P12_C48_F48_s07_w1.TIF,48,48,1
P12_C48_F48_s08_w1.TIF,48,48,1
P12_C48_F48_s08_w2.TIF,48,48,2
P12_C48_F48_s09_w1.TIF,48,48,1
P12_C48_F48_s09_w2.TIF,48,48,2
P12_C48_F48_s10_w1.TIF,48,48,1
P12_C48_F48_s10_w2.TIF,48,48,2
P12_C48_F48_s11_w1.TIF,48,48,1
P12_C48_F48_s11_w2.TIF,48,48,2
P12_C48_F48_s12_w1.TIF,48,48,1
P12_C48_F48_s13_w2.TIF,48,48,2
P12_C48_F48_s14_w1.TIF,48,48,1
P12_C48_F48_s14_w2.TIF,48,48,2
P12_C48_F48_s15_w2.TIF,48,48,2
P12_C48_F48_s17_w1.TIF,48,48,1
P12_C48_F48_s17_w2.TIF,48,48,2
P12_C48_F48_s18_w1.TIF,48,48,1
P12_C48_F48_s18_w2.TIF,48,48,2
P12_C48_F48_s19_w1.TIF,48,48,1
P12_C48_F48_s20_w2.TIF,48,48,2
P12_C48_F48_s21_w1.TIF,48,48,1
P12_C48_F48_s22_w1.TIF,48,48,1
P12_C48_F48_s22_w2.TIF,48,48,2
P12_C48_F48_s23_w1.TIF,48,48,1
P12_C48_F48_s24_w1.TIF,48,48,1
P12_C48_F48_s25_w2.TIF,48,48,2
P13_C53_F48_s01_w1.TIF,53,48,1
P13_C53_F48_s01_w2.TIF,53,48,2
P13_C53_F48_s02_w1.TIF,53,48,1
P13_C53_F48_s02_w2.TIF,53,48,2
P13_C53_F48_s03_w1.TIF,53,48,1
P13_C53_F48_s03_w2.TIF,53,48,2
P13_C53_F48_s04_w1.TIF,53,48,1
P13_C53_F48_s04_w2.TIF,53,48,2
P13_C53_F48_s05_w1.TIF,53,48,1
P13_C53_F48_s05_w2.TIF,53,48,2
P13_C53_F48_s06_w2.TIF,53,48,2
P13_C53_F48_s07_w1.TIF,53,48,1
P13_C53_F48_s09_w1.TIF,53,48,1
P13_C53_F48_s09_w2.TIF,53,48,2
P13_C53_F48_s10_w1.TIF,53,48,1
P13_C53_F48_s10_w2.TIF,53,48,2
P13_C53_F48_s11_w1.TIF,53,48,1
P13_C53_F48_s11_w2.TIF,53,48,2
P13_C53_F48_s13_w1.TIF,53,48,1
P13_C53_F48_s14_w1.TIF,53,48,1
P13_C53_F48_s14_w2.TIF,53,48,2
P13_C53_F48_s15_w1.TIF,53,48,1
P13_C53_F48_s15_w2.TIF,53,48,2
P13_C53_F48_s16_w1.TIF,53,48,1
P13_C53_F48_s16_w2.TIF,53,48,2
P13_C53_F48_s17_w2.TIF,53,48,2
P13_C53_F48_s18_w1.TIF,53,48,1
P13_C53_F48_s18_w2.TIF,53,48,2
P13_C53_F48_s19_w1.TIF,53,48,1
P13_C53_F48_s19_w2.TIF,53,48,2
P13_C53_F48_s20_w2.TIF,53,48,2
P13_C53_F48_s21_w1.TIF,53,48,1
P13_C53_F48_s21_w2.TIF,53,48,2
P13_C53_F48_s22_w1.TIF,53,48,1
P13_C53_F48_s22_w2.TIF,53,48,2
P13_C53_F48_s23_w1.TIF,53,48,1
P13_C53_F48_s24_w2.TIF,53,48,2
P14_C57_F48_s01_w1.TIF,57,48,1
P14_C57_F48_s02_w1.TIF,57,48,1
P14_C57_F48_s03_w1.TIF,57,48,1
P14_C57_F48_s04_w1.TIF,57,48,1
P14_C57_F48_s04_w2.TIF,57,48,2
P14_C57_F48_s06_w2.TIF,57,48,2
P14_C57_F48_s07_w1.TIF,57,48,1
P14_C57_F48_s07_w2.TIF,57,48,2
P14_C57_F48_s08_w2.TIF,57,48,2
P14_C57_F48_s09_w2.TIF,57,48,2
P14_C57_F48_s11_w1.TIF,57,48,1
P14_C57_F48_s11_w2.TIF,57,48,2
P14_C57_F48_s12_w2.TIF,57,48,2
P14_C57_F48_s13_w1.TIF,57,48,1
P14_C57_F48_s13_w2.TIF,57,48,2
P14_C57_F48_s14_w1.TIF,57,48,1
P14_C57_F48_s15_w2.TIF,57,48,2
P14_C57_F48_s16_w1.TIF,57,48,1
P14_C57_F48_s16_w2.TIF,57,48,2
P14_C57_F48_s17_w1.TIF,57,48,1
P14_C57_F48_s17_w2.TIF,57,48,2
P14_C57_F48_s18_w1.TIF,57,48,1
P14_C57_F48_s18_w2.TIF,57,48,2
P14_C57_F48_s19_w1.TIF,57,48,1
P14_C57_F48_s19_w2.TIF,57,48,2
P14_C57_F48_s20_w1.TIF,57,48,1
P14_C57_F48_s20_w2.TIF,57,48,2
P14_C57_F48_s21_w1.TIF,57,48,1
P14_C57_F48_s21_w2.TIF,57,48,2
P14_C57_F48_s22_w2.TIF,57,48,2
P14_C57_F48_s23_w1.TIF,57,48,1
P14_C57_F48_s23_w2.TIF,57,48,2
P14_C57_F48_s24_w2.TIF,57,48,2
P14_C57_F48_s25_w1.TIF,57,48,1
P15_C61_F48_s01_w1.TIF,61,48,1
P15_C61_F48_s01_w2.TIF,61,48,2
P15_C61_F48_s04_w1.TIF,61,48,1
P15_C61_F48_s04_w2.TIF,61,48,2
P15_C61_F48_s05_w1.TIF,61,48,1
P15_C61_F48_s05_w2.TIF,61,48,2
P15_C61_F48_s06_w1.TIF,61,48,1
P15_C61_F48_s06_w2.TIF,61,48,2
P15_C61_F48_s07_w1.TIF,61,48,1
P15_C61_F48_s07_w2.TIF,61,48,2
P15_C61_F48_s08_w1.TIF,61,48,1
P15_C61_F48_s08_w2.TIF,61,48,2
P15_C61_F48_s10_w1.TIF,61,48,1
P15_C61_F48_s11_w1.TIF,61,48,1
P15_C61_F48_s12_w1.TIF,61,48,1
P15_C61_F48_s12_w2.TIF,61,48,2
P15_C61_F48_s13_w1.TIF,61,48,1
P15_C61_F48_s13_w2.TIF,61,48,2
P15_C61_F48_s14_w1.TIF,61,48,1
P15_C61_F48_s14_w2.TIF,61,48,2
P15_C61_F48_s15_w1.TIF,61,48,1
P15_C61_F48_s15_w2.TIF,61,48,2
P15_C61_F48_s16_w2.TIF,61,48,2
P15_C61_F48_s19_w2.TIF,61,48,2
P15_C61_F48_s20_w1.TIF,61,48,1
P15_C61_F48_s20_w2.TIF,61,48,2
P15_C61_F48_s21_w2.TIF,61,48,2
P15_C61_F48_s22_w1.TIF,61,48,1
P15_C61_F48_s23_w2.TIF,61,48,2
P15_C61_F48_s24_w1.TIF,61,48,1
P15_C61_F48_s24_w2.TIF,61,48,2
P15_C61_F48_s25_w1.TIF,61,48,1
P16_C66_F48_s02_w1.TIF,66,48,1
P16_C66_F48_s02_w2.TIF,66,48,2
P16_C66_F48_s04_w1.TIF,66,48,1
P16_C66_F48_s06_w1.TIF,66,48,1
P16_C66_F48_s06_w2.TIF,66,48,2
P16_C66_F48_s07_w1.TIF,66,48,1
P16_C66_F48_s09_w1.TIF,66,48,1
P16_C66_F48_s10_w1.TIF,66,48,1
P16_C66_F48_s10_w2.TIF,66,48,2
P16_C66_F48_s11_w1.TIF,66,48,1
P16_C66_F48_s11_w2.TIF,66,48,2
P16_C66_F48_s12_w1.TIF,66,48,1
P16_C66_F48_s13_w1.TIF,66,48,1
P16_C66_F48_s13_w2.TIF,66,48,2
P16_C66_F48_s14_w1.TIF,66,48,1
P16_C66_F48_s14_w2.TIF,66,48,2
P16_C66_F48_s15_w1.TIF,66,48,1
P16_C66_F48_s15_w2.TIF,66,48,2
P16_C66_F48_s16_w1.TIF,66,48,1
P16_C66_F48_s16_w2.TIF,66,48,2
P16_C66_F48_s17_w1.TIF,66,48,1
P16_C66_F48_s18_w1.TIF,66,48,1
P16_C66_F48_s18_w2.TIF,66,48,2
P16_C66_F48_s19_w1.TIF,66,48,1
P16_C66_F48_s19_w2.TIF,66,48,2
P16_C66_F48_s20_w1.TIF,66,48,1
P16_C66_F48_s20_w2.TIF,66,48,2
P16_C66_F48_s21_w2.TIF,66,48,2
P16_C66_F48_s22_w1.TIF,66,48,1
P16_C66_F48_s22_w2.TIF,66,48,2
P16_C66_F48_s23_w2.TIF,66,48,2
P16_C66_F48_s24_w1.TIF,66,48,1
P16_C66_F48_s24_w2.TIF,66,48,2
P16_C66_F48_s25_w2.TIF,66,48,2
P17_C70_F48_s02_w2.TIF,70,48,2
P17_C70_F48_s03_w1.TIF,70,48,1
P17_C70_F48_s04_w2.TIF,70,48,2
P17_C70_F48_s05_w2.TIF,70,48,2
P17_C70_F48_s06_w2.TIF,70,48,2
P17_C70_F48_s08_w2.TIF,70,48,2
P17_C70_F48_s09_w2.TIF,70,48,2
P17_C70_F48_s10_w1.TIF,70,48,1
P17_C70_F48_s11_w1.TIF,70,48,1
P17_C70_F48_s12_w1.TIF,70,48,1
P17_C70_F48_s12_w2.TIF,70,48,2
P17_C70_F48_s13_w1.TIF,70,48,1
P17_C70_F48_s13_w2.TIF,70,48,2
P17_C70_F48_s14_w1.TIF,70,48,1
P17_C70_F48_s15_w1.TIF,70,48,1
P17_C70_F48_s15_w2.TIF,70,48,2
P17_C70_F48_s16_w1.TIF,70,48,1
P17_C70_F48_s16_w2.TIF,70,48,2
P17_C70_F48_s17_w2.TIF,70,48,2
P17_C70_F48_s18_w1.TIF,70,48,1
P17_C70_F48_s18_w2.TIF,70,48,2
P17_C70_F48_s19_w1.TIF,70,48,1
P17_C70_F48_s19_w2.TIF,70,48,2
P17_C70_F48_s20_w1.TIF,70,48,1
P17_C70_F48_s20_w2.TIF,70,48,2
P17_C70_F48_s21_w1.TIF,70,48,1
P17_C70_F48_s21_w2.TIF,70,48,2
P17_C70_F48_s23_w2.TIF,70,48,2
P17_C70_F48_s24_w2.TIF,70,48,2
P17_C70_F48_s25_w1.TIF,70,48,1
P17_C70_F48_s25_w2.TIF,70,48,2
P18_C74_F48_s01_w1.TIF,74,48,1
P18_C74_F48_s02_w1.TIF,74,48,1
P18_C74_F48_s02_w2.TIF,74,48,2
P18_C74_F48_s03_w1.TIF,74,48,1
P18_C74_F48_s04_w1.TIF,74,48,1
P18_C74_F48_s04_w2.TIF,74,48,2
P18_C74_F48_s05_w2.TIF,74,48,2
P18_C74_F48_s06_w1.TIF,74,48,1
P18_C74_F48_s07_w1.TIF,74,48,1
P18_C74_F48_s08_w1.TIF,74,48,1
P18_C74_F48_s08_w2.TIF,74,48,2
P18_C74_F48_s09_w1.TIF,74,48,1
P18_C74_F48_s09_w2.TIF,74,48,2
P18_C74_F48_s10_w1.TIF,74,48,1
P18_C74_F48_s10_w2.TIF,74,48,2
P18_C74_F48_s11_w1.TIF,74,48,1
P18_C74_F48_s11_w2.TIF,74,48,2
P18_C74_F48_s12_w1.TIF,74,48,1
P18_C74_F48_s12_w2.TIF,74,48,2
P18_C74_F48_s13_w1.TIF,74,48,1
P18_C74_F48_s13_w2.TIF,74,48,2
P18_C74_F48_s15_w2.TIF,74,48,2
P18_C74_F48_s16_w1.TIF,74,48,1
P18_C74_F48_s16_w2.TIF,74,48,2
P18_C74_F48_s17_w1.TIF,74,48,1
P18_C74_F48_s17_w2.TIF,74,48,2
P18_C74_F48_s18_w1.TIF,74,48,1
P18_C74_F48_s18_w2.TIF,74,48,2
P18_C74_F48_s19_w1.TIF,74,48,1
P18_C74_F48_s20_w1.TIF,74,48,1
P18_C74_F48_s20_w2.TIF,74,48,2
P18_C74_F48_s21_w1.TIF,74,48,1
P18_C74_F48_s21_w2.TIF,74,48,2
P18_C74_F48_s22_w1.TIF,74,48,1
P18_C74_F48_s23_w1.TIF,74,48,1
P18_C74_F48_s23_w2.TIF,74,48,2
P18_C74_F48_s24_w1.TIF,74,48,1
P18_C74_F48_s24_w2.TIF,74,48,2
P18_C74_F48_s25_w2.TIF,74,48,2
P19_C78_F48_s01_w1.TIF,78,48,1
P19_C78_F48_s01_w2.TIF,78,48,2
P19_C78_F48_s03_w1.TIF,78,48,1
P19_C78_F48_s03_w2.TIF,78,48,2
P19_C78_F48_s04_w2.TIF,78,48,2
P19_C78_F48_s05_w1.TIF,78,48,1
P19_C78_F48_s05_w2.TIF,78,48,2
P19_C78_F48_s06_w1.TIF,78,48,1
P19_C78_F48_s06_w2.TIF,78,48,2
P19_C78_F48_s07_w1.TIF,78,48,1
P19_C78_F48_s07_w2.TIF,78,48,2
P19_C78_F48_s08_w1.TIF,78,48,1
P19_C78_F48_s08_w2.TIF,78,48,2
P19_C78_F48_s09_w2.TIF,78,48,2
P19_C78_F48_s10_w1.TIF,78,48,1
P19_C78_F48_s11_w2.TIF,78,48,2
P19_C78_F48_s13_w2.TIF,78,48,2
P19_C78_F48_s14_w1.TIF,78,48,1
P19_C78_F48_s14_w2.TIF,78,48,2
P19_C78_F48_s15_w1.TIF,78,48,1
P19_C78_F48_s15_w2.TIF,78,48,2
P19_C78_F48_s16_w1.TIF,78,48,1
P19_C78_F48_s16_w2.TIF,78,48,2
P19_C78_F48_s17_w2.TIF,78,48,2
P19_C78_F48_s18_w2.TIF,78,48,2
P19_C78_F48_s20_w2.TIF,78,48,2
P19_C78_F48_s21_w2.TIF,78,48,2
P19_C78_F48_s22_w1.TIF,78,48,1
P19_C78_F48_s22_w2.TIF,78,48,2
P19_C78_F48_s23_w1.TIF,78,48,1
P19_C78_F48_s24_w1.TIF,78,48,1
P19_C78_F48_s25_w1.TIF,78,48,1
P19_C78_F48_s25_w2.TIF,78,48,2
P20_C83_F48_s01_w1.TIF,83,48,1
P20_C83_F48_s01_w2.TIF,83,48,2
P20_C83_F48_s02_w1.TIF,83,48,1
P20_C83_F48_s02_w2.TIF,83,48,2
P20_C83_F48_s03_w1.TIF,83,48,1
P20_C83_F48_s04_w1.TIF,83,48,1
P20_C83_F48_s04_w2.TIF,83,48,2
P20_C83_F48_s05_w1.TIF,83,48,1
P20_C83_F48_s06_w2.TIF,83,48,2
P20_C83_F48_s07_w1.TIF,83,48,1
P20_C83_F48_s07_w2.TIF,83,48,2
P20_C83_F48_s08_w1.TIF,83,48,1
P20_C83_F48_s08_w2.TIF,83,48,2
P20_C83_F48_s09_w1.TIF,83,48,1
P20_C83_F48_s11_w1.TIF,83,48,1
P20_C83_F48_s13_w1.TIF,83,48,1
P20_C83_F48_s13_w2.TIF,83,48,2
P20_C83_F48_s14_w2.TIF,83,48,2
P20_C83_F48_s15_w1.TIF,83,48,1
P20_C83_F48_s15_w2.TIF,83,48,2
P20_C83_F48_s16_w1.TIF,83,48,1
P20_C83_F48_s16_w2.TIF,83,48,2
P20_C83_F48_s17_w1.TIF,83,48,1
P20_C83_F48_s17_w2.TIF,83,48,2
P20_C83_F48_s18_w1.TIF,83,48,1
P20_C83_F48_s19_w1.TIF,83,48,1
P20_C83_F48_s19_w2.TIF,83,48,2
P20_C83_F48_s20_w1.TIF,83,48,1
P20_C83_F48_s21_w1.TIF,83,48,1
P20_C83_F48_s22_w2.TIF,83,48,2
P20_C83_F48_s23_w1.TIF,83,48,1
P20_C83_F48_s23_w2.TIF,83,48,2
P20_C83_F48_s25_w1.TIF,83,48,1
P20_C83_F48_s25_w2.TIF,83,48,2
P21_C87_F48_s01_w1.TIF,87,48,1
P21_C87_F48_s02_w1.TIF,87,48,1
P21_C87_F48_s03_w2.TIF,87,48,2
P21_C87_F48_s06_w2.TIF,87,48,2
P21_C87_F48_s07_w1.TIF,87,48,1
P21_C87_F48_s07_w2.TIF,87,48,2
P21_C87_F48_s08_w1.TIF,87,48,1
P21_C87_F48_s08_w2.TIF,87,48,2
P21_C87_F48_s09_w2.TIF,87,48,2
P21_C87_F48_s10_w1.TIF,87,48,1
P21_C87_F48_s10_w2.TIF,87,48,2
P21_C87_F48_s11_w1.TIF,87,48,1
P21_C87_F48_s12_w1.TIF,87,48,1
P21_C87_F48_s12_w2.TIF,87,48,2
P21_C87_F48_s13_w1.TIF,87,48,1
P21_C87_F48_s13_w2.TIF,87,48,2
P21_C87_F48_s14_w1.TIF,87,48,1
P21_C87_F48_s14_w2.TIF,87,48,2
P21_C87_F48_s15_w1.TIF,87,48,1
P21_C87_F48_s15_w2.TIF,87,48,2
P21_C87_F48_s16_w1.TIF,87,48,1
P21_C87_F48_s16_w2.TIF,87,48,2
P21_C87_F48_s17_w1.TIF,87,48,1
P21_C87_F48_s18_w1.TIF,87,48,1
P21_C87_F48_s18_w2.TIF,87,48,2
P21_C87_F48_s20_w2.TIF,87,48,2
P21_C87_F48_s21_w1.TIF,87,48,1
P21_C87_F48_s21_w2.TIF,87,48,2
P21_C87_F48_s22_w2.TIF,87,48,2
P21_C87_F48_s23_w2.TIF,87,48,2
P21_C87_F48_s24_w1.TIF,87,48,1
P21_C87_F48_s25_w1.TIF,87,48,1
P21_C87_F48_s25_w2.TIF,87,48,2
P22_C91_F48_s01_w1.TIF,91,48,1
P22_C91_F48_s02_w2.TIF,91,48,2
P22_C91_F48_s03_w1.TIF,91,48,1
P22_C91_F48_s03_w2.TIF,91,48,2
P22_C91_F48_s04_w1.TIF,91,48,1
P22_C91_F48_s04_w2.TIF,91,48,2
P22_C91_F48_s05_w2.TIF,91,48,2
P22_C91_F48_s06_w1.TIF,91,48,1
P22_C91_F48_s08_w2.TIF,91,48,2
P22_C91_F48_s10_w1.TIF,91,48,1
P22_C91_F48_s11_w1.TIF,91,48,1
P22_C91_F48_s11_w2.TIF,91,48,2
P22_C91_F48_s12_w1.TIF,91,48,1
P22_C91_F48_s12_w2.TIF,91,48,2
P22_C91_F48_s13_w1.TIF,91,48,1
P22_C91_F48_s14_w1.TIF,91,48,1
P22_C91_F48_s14_w2.TIF,91,48,2
P22_C91_F48_s15_w2.TIF,91,48,2
P22_C91_F48_s16_w1.TIF,91,48,1
P22_C91_F48_s16_w2.TIF,91,48,2
P22_C91_F48_s17_w1.TIF,91,48,1
P22_C91_F48_s18_w1.TIF,91,48,1
P22_C91_F48_s18_w2.TIF,91,48,2
P22_C91_F48_s19_w1.TIF,91,48,1
P22_C91_F48_s20_w1.TIF,91,48,1
P22_C91_F48_s20_w2.TIF,91,48,2
P22_C91_F48_s22_w1.TIF,91,48,1
P22_C91_F48_s22_w2.TIF,91,48,2
P22_C91_F48_s23_w1.TIF,91,48,1
P22_C91_F48_s23_w2.TIF,91,48,2
P22_C91_F48_s24_w1.TIF,91,48,1
P22_C91_F48_s24_w2.TIF,91,48,2
P22_C91_F48_s25_w1.TIF,91,48,1
P23_C96_F48_s01_w1.TIF,96,48,1
P23_C96_F48_s01_w2.TIF,96,48,2
P23_C96_F48_s02_w1.TIF,96,48,1
P23_C96_F48_s02_w2.TIF,96,48,2
P23_C96_F48_s03_w1.TIF,96,48,1
P23_C96_F48_s04_w1.TIF,96,48,1
P23_C96_F48_s05_w1.TIF,96,48,1
P23_C96_F48_s06_w1.TIF,96,48,1
P23_C96_F48_s06_w2.TIF,96,48,2
P23_C96_F48_s07_w1.TIF,96,48,1
P23_C96_F48_s07_w2.TIF,96,48,2
P23_C96_F48_s08_w1.TIF,96,48,1
P23_C96_F48_s08_w2.TIF,96,48,2
P23_C96_F48_s09_w2.TIF,96,48,2
P23_C96_F48_s10_w2.TIF,96,48,2
P23_C96_F48_s11_w2.TIF,96,48,2
P23_C96_F48_s12_w1.TIF,96,48,1
P23_C96_F48_s13_w1.TIF,96,48,1
P23_C96_F48_s13_w2.TIF,96,48,2
P23_C96_F48_s14_w2.TIF,96,48,2
P23_C96_F48_s15_w2.TIF,96,48,2
P23_C96_F48_s17_w1.TIF,96,48,1
P23_C96_F48_s18_w1.TIF,96,48,1
P23_C96_F48_s19_w2.TIF,96,48,2
P23_C96_F48_s20_w2.TIF,96,48,2
P23_C96_F48_s21_w1.TIF,96,48,1
P23_C96_F48_s21_w2.TIF,96,48,2
P23_C96_F48_s22_w1.TIF,96,48,1
P23_C96_F48_s23_w1.TIF,96,48,1
P23_C96_F48_s25_w1.TIF,96,48,1
P24_C100_F48_s01_w1.TIF,100,48,1
P24_C100_F48_s01_w2.TIF,100,48,2
P24_C100_F48_s02_w1.TIF,100,48,1
P24_C100_F48_s03_w2.TIF,100,48,2
P24_C100_F48_s04_w1.TIF,100,48,1
P24_C100_F48_s05_w2.TIF,100,48,2
P24_C100_F48_s06_w1.TIF,100,48,1
P24_C100_F48_s07_w1.TIF,100,48,1
P24_C100_F48_s07_w2.TIF,100,48,2
P24_C100_F48_s08_w1.TIF,100,48,1
P24_C100_F48_s08_w2.TIF,100,48,2
P24_C100_F48_s09_w1.TIF,100,48,1
P24_C100_F48_s09_w2.TIF,100,48,2
P24_C100_F48_s10_w1.TIF,100,48,1
P24_C100_F48_s10_w2.TIF,100,48,2
P24_C100_F48_s12_w1.TIF,100,48,1
P24_C100_F48_s13_w1.TIF,100,48,1
P24_C100_F48_s13_w2.TIF,100,48,2
P24_C100_F48_s14_w1.TIF,100,48,1
P24_C100_F48_s14_w2.TIF,100,48,2
P24_C100_F48_s17_w2.TIF,100,48,2
P24_C100_F48_s18_w1.TIF,100,48,1
P24_C100_F48_s20_w1.TIF,100,48,1
P24_C100_F48_s21_w1.TIF,100,48,1
P24_C100_F48_s21_w2.TIF,100,48,2
P24_C100_F48_s22_w2.TIF,100,48,2
P24_C100_F48_s23_w2.TIF,100,48,2
P24_C100_F48_s24_w1.TIF,100,48,1
P24_C100_F48_s24_w2.TIF,100,48,2
